计息,利息计算公式
还,国风・齐风・还
电话,电话机
客服,客户服务
能,能量
钱,钱姓
答案,阿伦・艾弗森
num,索纳拉姆・泰匹塔克
说,speak
月,月球
App,手机软件
那,那姓
多,多姓
建设银行,中国建设银行
知道,百度知道
元,元朝
比如,比如县
代,代国
满意,巨兴茂
时,时姓
人行,中国人民银行
20,二十
信号,signal
操,操姓
58,58同城
叫,叫姓
高,高姓
24,24小时
9,机器人9号
死,死亡女孩
新,新朝
一步,幕之内一步
年,年兽
APP,手机软件
改,改姓
自助,散客旅游
We,WE电子竞技俱乐部
尼玛,尼玛县
问问,SOSO问问
再见,克格勃无间事件
金,金朝
微笑,高学成
app,手机软件
农业银行,中国农业银行
草,赋得古原草送别
G7,北京－乌鲁木齐高速公路
帐号,账号
工商银行,中国工商银行
建行,中国建设银行
欢迎,杨欢迎
11,11对战平台
18,云雀恭弥
农行,中国农业银行
等等,邓涵之
干,干姓
关,单关
谢,谢姓
B,磁感应强度
多多,黄忆慈
鸡巴,阴茎
花,花卉
有限公司,有限责任公司
成,成汉
字,表字
三天,Three Days
张,张姓
由,仲由
做爱,性生活
工行,中国工商银行
毛,毛姓
iPhone7,iPhone 7
we,WE电子竞技俱乐部
清,清朝
QQ号,QQ账号
身份证号,居民身份证号码
a,安培
x,X-Japan
招行,招商银行
扣扣,QQ
官网,官方网站
大众,大众汽车
贵,贵州
分期付款,月供
邮箱,电子邮箱
27,泽田纲吉
月份,月
公测,公开测试
L,金明洙
信,苏见信
立马,立马车业集团有限公司
台,台湾
华润,华润（集团）有限公司
邮政储蓄,中国邮政储蓄银行
A,安培
祝,祝姓
最大,最强大脑
v,伏特
科技,科学技术
真实,real
老虎,虎
粒粒,陈粒
交行,交通银行
深圳市,深圳
b,磁感应强度
浦发,上海浦东发展银行
邮储,中国邮政储蓄银行
网银,网上银行
300,斯巴达300勇士
零,安室透
哥哥,张国荣
福,福姓
微微,奈菲鲁塔丽・薇薇
猪头,东风11G型内燃机车
重启,RELOADED
天后,武则天
人民银行,中国人民银行
闭嘴,你丫闭嘴
华夏,华夏银行
多大,多伦多大学
越,越国
l,金明洙
其他人,完美第二对
黑,黑龙江
单,单姓
神器,三神器
浦发银行,上海浦东发展银行
不能自己,不能自已
费,费姓
rose,德里克・罗斯
定海神针,如意金箍棒
..,点点
第二,第二姓
OK,创可贴
申,上海
黑名单,罪恶黑名单
安卓,Android
400,400电话
延长,延长县
通用,通用电气公司
永久,上海永久股份有限公司
智障,智力障碍
民生银行,中国民生银行
360,奇虎360
ok,创可贴
n,牛顿
微机,微型计算机
狗日,赤狗日
cn,.CN
微货,微型货车
Hi,碘化氢
淘宝,淘宝网
40,夏马尔
i,电流
解,解姓
统一,统一企业中国控股有限公司
安,安培
银,坂田银时
车,车姓
几率,概率
分手,分手男女
国庆,国庆节
何,何姓
帅,帅姓
光大银行,中国光大银行
型,style
听障,重听人
w,W-两个世界
戴,戴姓
wechat,微信
救命,火车
神马,神圣罗马帝国
小孩,曾卓君
人人,人人网
X,X-Japan
大成,DAESUNG
兄弟,华谊兄弟传媒集团
所有人,权利人
冷,冷姓
大陆,中国大陆
手机卡,SIM卡
网,网络
锤子,锤子手机
申通,申通快递
明,明朝
m,摩尔质量
iPhone7Plus,iPhone 7 Plus
银联,中国银联
五月,5月
月亮,月球
兴业,兴业银行
商城,商城县
东东,bravo东东
子,子姓
耳朵,耳
零点,零点乐队
u,铀
源,清和源氏
Z,泽法
红,红色
央行,中央银行
重,奥摩伊
国美,国美电器
h,氢
三月,巳月
V,伏特
花都,巴黎
e,自然常数
sb,锑
种,种姓
f,氟
六个月,那个傻瓜
方,方姓
未知,不明身份
断,加藤断
SB,锑
圣诞,圣诞节
W,W-两个世界
ma,移动平均线
秘密,女人的秘密
二笔,二笔输入法
周围,钟晓
嘎嘎,Lady Gaga
汗,可汗
阳光,王惠
j,转动惯量
卡卡,里卡多・伊泽克森・多斯・桑托斯・雷特
pd,钯
处女,室女座
首脑,大头目
r,卢卡尔・伯恩斯坦
转圈,第二次人生
拍拍,拍拍二手
人类,智人
孙子,孙武
五一,五一国际劳动节
250,硫酸铜
传说,远古的传说
C,c语言
I,电流
85,碧洋琪
曾,曾姓
刘,刘姓
胜利,SEUNGRI
保单,保险单
汇添富,汇添富基金管理股份有限公司
大都,元大都
常,常姓
六月,蔡君茹
边,边姓
jj,林俊杰
华为,华为技术有限公司
王,王姓
黄,黄姓
时代,时代周刊
花花,华晨宇
死机,宕机
陌生,忘了去懂你
李,李子
装逼,装B
56,56网
iphone7,iPhone 7
深,深圳
周,周朝
方正,北大方正集团有限公司
感冒,上呼吸道感染
普通人,英伦对决
头疼,头痛
社保,社会保险
屁眼,肛门
林,林姓
N,牛顿
助手,牧濑红莉栖
z,泽法
支,支姓
二十天,二十诸天
利息率,利率
打击,我的野蛮女同学
联通,中国联合网络通信集团有限公司
84,巴吉尔
二月,2月
c,c语言
,哈密顿算子
凉,宫田由美子
完美,完美（中国）有限公司
阿里,穆罕默德・阿里
U,铀
英文,英语
杨,杨姓
机率,概率
胖子,王胖子
山,喜马拉雅山脉
JJ,林俊杰
云,云南
oa,办公自动化
联盟,间谍同盟
VIP,V.I.P.
轻,卡鲁伊
黑白,围棋
顾,顾姓
喵,喵星人
胡,胡姓
商,商朝
黑屏,电脑黑屏
电信,中国电信集团有限公司
藏,西藏
马勒,古斯塔夫・马勒
生肖,十二生肖
书,尚书
白白,边伯贤
农,阿洛伊斯・农
二号,2号
一夜,一夜・汪德雷・寿
清新,清新区
ATM,自动取款机
罗,特拉法尔加・罗
距离,再见，在也不见
＼,反斜杠
怀孕,妊娠
阿里巴巴,阿里巴巴集团
E,自然常数
PK,我的个神啊
tencent,腾讯
windows,Windows操作系统
车险,机动车辆保险
东吴,孙吴
65,65游戏
网购,网上购物
广大,广州大学
期望,数学期望
甘,甘肃
广东省,广东
蛋蛋,早安蛋蛋
国华人寿,国华人寿保险股份有限公司
千万,杨千万
信而富,上海信而富企业管理有限公司
32,三十二相
爱不爱,爱，不爱
修,陈德修
笨笨,高虎
旅途,风之旅人
MM,多发性骨髓瘤
hi,碘化氢
心意,心意手机
镇,镇姓
取款机,自动取款机
cv,航空母舰
冯,冯姓
WE,WE电子竞技俱乐部
乜,乜姓
第五,第五姓
弓,最终兵器：弓
de,沙漠之鹰
苏宁,苏宁云商集团股份有限公司
小丽,乌拉拉
卜,卜姓
vip,V.I.P.
小马,周润发
520,网络情人节
娃娃,金智娟
病毒,计算机病毒
重大,重庆大学
七月,国风・豳风・七月
拉拉,拉布拉多猎犬
蒙,蒙城县
阿西,陈博正
信征,征信
黄钻,qq空间黄钻贵族
侮辱,侮辱罪
平果,平果县
999,红色警戒999
狗狗,狗
无缘无故,一路狂奔
蓝,蓝姓
东川,东川区
吴,苏州
解放军,中国人民解放军
余,余姓
任,任姓
M,摩尔质量
阿狸,九尾妖狐
NO,一氧化氮
一大,中国共产党第一次全国代表大会
翼,翼-RESERVoir CHRoNiCLE-
188,188邮箱
银监会,中国银行业监督管理委员会
陈,陈姓
低调,低调组合
QB,Q币
定存,定期存款
天地,李赞熙
派,圆周率
上证,上海证券交易所
li,锂
mm,多发性骨髓瘤
点点,点点网
LG,LG集团
RTX,RTX腾讯通
卡锁,智能卡门锁
卡拉,克拉
lol,英雄联盟
死光,激光
上班族,公司职员
肯,奥特之父
大便,粪便
小马哥,马克・扎克伯格
易,易经
愤怒,怒
金融业务,金融服务业务
LOL,英雄联盟
汤,商汤
侯,侯姓
命运,c小调第五交响曲
五笔,五笔字型输入法
令,吉吉如律・令
风控,风险控制
sun,Sun Microsystems
回乡证,港澳居民来往内地通行证
孙,孙姓
兔子,兔
股市,股票市场
齐,北齐
外星人,罗纳尔多・路易斯・纳扎里奥・达・利马
qb,Q币
C3,C3驾驶证
欧,欧姓
BB,BIGBANG
间隔时间,时间间隔
430,骆非池
love,凯文・乐福
上交,上海交通大学
阿拉,安拉
37,37游戏
国务院,中华人民共和国国务院
阿克,纳坦・阿克
笑笑,孙亚龙
bb,BIGBANG
工商行,中国工商银行
机器猫,哆啦A梦
大年初一,正月初一
华,华姓
和平,和平区
P2P,对等网络
jb,林在范
卞,卞姓
经验,百度经验
霸王,项羽
解除合同,劳动合同解除
大方,大方县
万达,大连万达集团股份有限公司
端午,端午节
储存卡,存储卡
可可,张可盈
APp,手机软件
傻冒,傻帽
图图,胡图图
舌头,舌
阿萨德,巴沙尔・阿萨德
J,转动惯量
遗忘,遗落战境
moon,月球
桐庐,桐庐县
前海,前海深港现代服务业合作区
TD,蒂姆・邓肯
108,一百单八将
pp,聚丙烯
外国人,英伦对决
放高利贷,高利贷
董,董姓
智能机,智能手机
电脑系统,操作系统
底线,国家底线
河南省,河南
wifi,Wi-Fi
飞机票,机票
美美,太刀川美美
清明,清明节
歪歪,YY语音
IT,个人所得税
土豆,土豆网
秦,陕西
儿童节,国际儿童节
兜,药师兜
鲁,山东
裸照,裸体照片
一家人,我们是一家人
一汽,中国第一汽车集团有限公司
西安市,西安
夏天,王紫璇
金子,黄金
资管,集合资产管理
辽宁,辽宁号航空母舰
点点滴滴,蘑菇点点滴滴
re,铼
成工,四川成都成工工程机械股份有限公司
拼音,汉语拼音
影子,张傲嘉
比比,奈菲鲁塔丽・薇薇
公里,千米
顺德,顺德区
78,78创业商机网
卫士,守卫者
徐,徐州
贵宾,贵宾犬
户口本,户口簿
高考,普通高等学校招生全国统一考试
大名,大名县
师傅,师父
小白,安德雷斯・伊涅斯塔
涂,涂姓
丝,苏
安全隐患,事故隐患
奥巴马,贝拉克・侯赛因・奥巴马
田,田姓
纹身,文身
脑瘫,小儿脑性瘫痪
沃尔玛,沃尔玛百货有限公司
范,范姓
性爱,性生活
ps,Adobe Photoshop
电联,国际电信联盟
大叔,孤胆特工
迷糊,迷糊老师
细小,犬细小病毒
崔,崔姓
福建省,福建
清代,清朝
再试一次,try
郭,郭姓
河北省,河北
大专,专科
双色球,中国福利彩票双色球
小冰,微软小冰
赖,赖姓
台胞证,台湾居民来往大陆通行证
邮局,邮政局
春晚,中央电视台春节联欢晚会
111,高等学校学科创新引智计划
超人,奥特曼
Ok,创可贴
H,氢
国企,国有企业
东北,东北地区
jump,周刊少年JUMP
美的,美的集团
act,动作游戏
,户
珍爱,珍爱人生
次贷,次级抵押贷款
小李,李洛克
index,茵蒂克丝
非法操作,不可思异
内蒙,内蒙古
苏,苏州
的士,出租车
陕西省,陕西
96,库洛姆・髑髅
反抗,反抗军
谷歌,Google
发条,发条魔灵
慰藉,通灵神探
家族,CLANNAD
木马,木马病毒
基地,“基地”组织
豹子,豹
江苏省,江苏
宵夜,夜宵
g7,北京－乌鲁木齐高速公路
起点,起点中文网
粉刺,痤疮
牛头,牛头人
钓鱼,钓鱼执法
唐,唐朝
小花,解语花
高昂,高敖曹
cf,穿越火线：枪战王者
磁条卡,磁卡
朱,朱姓
985,985工程
HK,香港
遇,遇姓
党,党姓
新建,新建区
出口,兔子洞
kai,金钟仁
楚,楚国
ios6,ios 6
社保卡,中华人民共和国社会保障卡
龟,龟鳖目
飞车,QQ飞车
银行账,银行存款日记账
AI,人工智能
大吉大利,灵魂摆渡
天津市,天津
广州市,广州
R,卢卡尔・伯恩斯坦
{,括号
封锁,太空一号
腾迅,腾讯
芈,芈姓
陷阱,食人猪
小便,尿
p2p,对等网络
丫丫,佟丽娅
许,许姓
解除限制,限制解除
circle,Circle：相连的两个世界
F,氟
大乐透,中国体育彩票超级大乐透
银子,白银
熊猫,大熊猫
毛毛,丫蛋
空格,Blank Space
季节,壮志凌云
凤凰,凤凰古城
艾玛,艾玛・沃特森
保安,保安族
山西省,山西
瓦,瓦特
吕,姜子牙
类推,类比推理
口爆,口内射精
4s,4s店
火星人,火星救援
if,IF设计奖
鬼鬼,吴映洁
显示卡,显卡
元代,元朝
鹅鹅鹅,咏鹅
浙江省,浙江
步步高,广东步步高电子工业有限公司
亚美,水野亚美
中国移动,中国移动通信集团公司
高达,机动战士高达
大头,大发明家
猪婆,唐雪见
晶晶,福娃晶晶
阿卡,卡拉什尼科夫自动步枪
wp,Windows Phone
中建,中国建筑工程总公司
86,三浦春
艾,艾草
汪,汪姓
七年,九年
年化率,年化利率
PC,个人计算机
呆呆,蒂姆・邓肯
六一,国际儿童节
１,1
博士,Bose
顺丰,顺丰速运
ge,通用电气公司
一本,普通高等学校招生全国统一考试招生录取批次
no,一氧化氮
ai,人工智能
大海,大鱼海棠
够快,够快网盘
港,香港
富裕,富裕县
微星,MSI
肖,肖姓
照度,光照强度
鼻子,鼻
安利,Amway
yao,姚铮铮
03,电流
蔡,蔡姓
蔡,蔡姓
黄豆,大豆
中山市,中山
凯,迈特凯
里程,冯秉诚
手游,手机游戏
阿斯顿,大八
后代,后人
青春痘,痤疮
WiFi,Wi-Fi
忍,甲贺忍法帖
game,堕天使
绑架,在劫难逃
赵,赵国
创维,创维集团有限公司
酷跑,跑酷
atm,自动取款机
网通,中国网络通信集团公司
羯,羯族
小哥,齐秦
sn,锡
cp,配对
实习生,加油吧实习生
别处,在其他的某个地方
相机,照相机
为人处事,为人处世
as,强直性脊柱炎
波波,波波先生
得瑟,N瑟
马币,林吉特
ApP,手机软件
不降,姒不降
物理,物理学
南区,南区街道
si,国际单位制
正月,小雅・正月
aPP,手机软件
科研,科学研究
北门,国风・邶风・北门
555,555定时器
北京市,北京
up,飞屋环游记
放肆,放肆乐队
良,张良
CF,穿越火线：枪战王者
天大,天津大学
江西省,江西
乐乐,丁凯乐
320,空中客车A320
程,程姓
DV,达斯・维达
JB,林在范
171,米-171直升机
圆圆,大熊猫圆圆
卫,卫青
jd,京东
贝贝,福娃贝贝
CEO,首席执行官
吉林省,吉林
宁波市,宁波
贷记卡,信用卡
替代,此生当别生
美团,美团网
胡子,胡须
表哥,杨达才
可靠性,产品可靠性
工资收入,工资性收入
商贷,商业贷款
杨颖,Angelababy
韦,韦姓
五一节,五一国际劳动节
罗嗦,嗦
少女,京城学校：消失的少女们
童,童姓
魏,北魏
天涯,天涯社区
勇敢,勇敢传说
传奇,热血传奇
矿大,中国矿业大学
建军节,八一建军节
CC,张柏芝
√,对勾
战斗机,歼击机
pptv,PP视频
夏,夏朝
‰,千分号
pk,我的个神啊
大有,大有镇
公安,公安县
佛山市,佛山
安倍,安倍晋三
拉肚子,腹泻
邓,邓姓
信报,北京娱乐信报
千里,千岁千里
白话,粤语
is,伊斯兰国
驾照,驾驶证
云南省,云南
la,洛杉矶
iphone7plus,iPhone 7 Plus
湖南省,湖南
黑龙江省,黑龙江
Ali,穆罕默德・阿里
恶露,产后恶露不尽
唐山市,唐山
湖北省,湖北
贵州省,贵州
工商局,工商行政管理局
孟,孟姓
毕,毕姓
劳动节,五一国际劳动节
挑战,新挑战
统计局,中华人民共和国国家统计局
背叛,黑三角
口活,口交
饶,饶姓
小猪,罗志祥
羞辱,耻辱
瓦特,詹姆斯・瓦特
现金流,现金流量
西北,中国西北地区
雨天,雨宗林
卓越,亚马逊中国
七夕,七夕节
等于号,等号
乙肝,慢性乙型肝炎
口气,口臭
居民身份证,中华人民共和国居民身份证
PE,市盈率
风雨,国风・郑风・风雨
公交,公共交通
卑鄙,Mean
阿里郎,阿里郎组合
图灵,艾伦・麦席森・图灵
appstore,App Store
梅西,里奥・梅西
中专,中等专业学校
龙华,龙华镇
珊,幽灵公主
棒棒糖,卫佳莹
picc,中国人民财产保险股份有限公司
四川省,四川
FBI,美国联邦调查局
183,183club
Wifi,Wi-Fi
小强,地穴领主
81,库洛姆・髑髅
好男儿,加油！好男儿
na,钠
校招,校园招聘
Apple,苹果公司
马路,马赫
3.15,国际消费者权益日
辽,辽宁
飞碟,不明飞行物
PPTV,PP视频
唯美,唯美主义
沪,上海
乐天,乐天集团
世界末日,绝世天劫
经济学家,经济学人
联想,联想集团
智,智姓
光明,光明乳业股份有限公司
测试数据,数据库测试
798,798艺术区
彬彬,westlife
章,章姓
315,国际消费者权益日
万科,万科企业股份有限公司
i7,酷睿i7
杜,杜姓
touch,棒球英豪
逆袭,逆袭之爱上情敌
老婆婆,罗伯罗夫斯基仓鼠
基佬,男同性恋
合肥市,合肥
辽宁省,辽宁
卢,卢姓
扑克牌,扑克
不二,不二周助
萧萧,萧希榆
首贷,首套住房贷款
日月,国风・邶风・日月
小雨,孙怡
关怀,关栋天
含笑,含笑花
利好,利多
IE,Internet Explorer
露露,娜可露露
霍,霍去病
大汉,汉朝
期行,陈太丘与友期
小女孩,彩象岛女孩
麦,麦姓
冰冰,郑靓歆
郝,郝姓
he,氦
贾,贾姓
北方,北方地区
条码,条形码
财神爷,财神
DNF,地下城与勇士
元宵,元宵节
iPhone7plus,iPhone 7 Plus
里花,立花里子
错字,错别字
Be,铍
沟通交流,沟通与交流
煎饼果子,煎饼子
4S,4s店
蒋,蒋姓
龙岗,邢台
ladybug,小瓢虫
天全,天全县
玲,铃
莉莉,严莉莉
弹琴,听弹琴
火箭,休斯敦火箭队
乔丹,迈克尔・乔丹
美金,美元
广东话,粤语
奥运,奥林匹克运动会
大马,马来西亚
负债率,资产负债率
打不死,华南马尾杉
平安保险,中国平安保险（集团）股份有限公司
将计就计,偷天陷阱
户县,邑区
OMG,OMG电子竞技俱乐部
翁,翁姓
VB,Visual Basic
永恒,不死法医
新安,新安县
猎人,全职猎人
阴,阴姓
幸运儿,幸运符
上海市,上海
小星星,徐娇
玛丽,布鲁・玛丽
温,温姓
烟花,升起的烟花，从下面看？还是从侧面看？
末日,毁灭日
甘肃省,甘肃
人民法院,中华人民共和国人民法院
虾米,虾米网
韩剧,韩国电视剧
宁,南京
oK,创可贴
大闸蟹,中华绒螯蟹
卓,卓姓
牙疼,牙痛
启,姒启
肾亏,肾虚
211,211工程
cli,命令行界面
黑人,陈建州
韩,韩国
科比,科比・布莱恩特
权志龙,G-DRAGON
济南市,济南
西游,西游・降魔篇
俞,俞姓
江门市,江门
梅花,梅
GM,通用汽车公司
安徽省,安徽
金饰,北齐金饰
娄,娄姓
翅膀,隐形的翅膀
小威,塞雷娜・威廉姆斯
索,索姓
雨来,雨来没有死
桂,广西
伊,伊尹
狗头,沙漠死神
盛大,上海盛大网络发展有限公司
珠海市,珠海
福田,福田区
020,O2O
刑拘,刑事拘留
毛主席,毛泽东
小金,小金县
VC,维生素c
丫头,詹子晴
欧诺,长安欧诺
德州市,德州
cc,张柏芝
世界杯,国际足联世界杯
重庆市,重庆
石昊,荒天帝
it,个人所得税
东湖,武汉东湖风景区
农达,萨巴尼・农达
客都,世界客都
符,符
无为,无为县
建华,建华区
π,圆周率
谭,谭姓
zZ,宇智波佐助
余姚市,余姚
汪汪,汪逸甯
马尾,马尾区
天龙,AWM-天龙
lz,龙珠战队
biz,biz域名
dmi,DMI指标
妇女节,国际劳动妇女节
紫外线,致命紫罗兰
糖糖,砂糖
爷们,爷们儿
JS,javascript
红十字会,红十字国际委员会
ef,英孚教育
泄,姒泄
巨魔,魔发精灵
WIFI,Wi-Fi
苏苏,百里屠苏
5.12,5・12汶川地震
老赖,失信被执行人
夕,年兽
曹雨生,段
山东省,山东
XP,Windows XP
燕,燕国
加利,布特罗斯・布特罗斯-加利
提摩西,提木西草
娃哈哈,杭州娃哈哈集团有限公司
信审,信用审计
4.14,4・14
iu,李知恩
No,一氧化氮
茄子,茄
例假,月经
丹丹,丹迪
全网,中国全网
email,电子邮件
光荣,光荣株式会社
工服,工作服
吉,吉林
六合,六合区
小天鹅,无锡小天鹅股份有限公司
四级,大学英语四级考试
dB,数据库
如家,如家酒店
当机,宕机
八戒,猪八戒
躲避,隐藏摄像机
海贼王,航海王
人流,人工流产
SJ,Super Junior
手淫,自慰
华西,华西村
PS,Adobe Photoshop
sha,SHA家族
多利,X・德雷克
自卑,自卑感
女排,女子排球
CD,克罗恩病
key,key社
模,范数
报应,迷途追凶
in,铟
汕头市,汕头
披萨,比萨
考研,全国硕士研究生统一招生考试
X5,宝马X5
哈利,哈利・波特
搜噶,Soga
微盘,新浪微盘
m3,梦三国
勇士,金州勇士队
内蒙古自治区,内蒙古
ppt,Microsoft Office PowerPoint
假牙,义齿
卡恩,宿命者・卡恩
银号,钱庄
癌,癌症
老爹,爱德华・纽盖特
通辽市,通辽
武汉市,武汉
持有人,权利人
武,武姓
性饥渴,性压抑
中国电信,中国电信集团有限公司
内存卡,存储卡
一帆风顺,白鹤芋
外贸,对外贸易
网易,网易公司
仙居,仙居县
木木,王宝强
东莞市,东莞
包青天,包拯
二本,普通高等学校招生全国统一考试招生录取批次
恒大,广州恒大淘宝足球俱乐部
751,751D・PARK北京时尚设计广场
CBD,中央商务区
卡巴,哈吉・艾哈迈德・泰詹・卡巴
乔,乔姓
UD,特拉华大学
小胖,钱志君
pc,个人计算机
二三,金田一二三
be,铍
央视,中国中央电视台
袁,袁姓
姚,姚姓
萍,浮萍
MC,镆
A4,奥迪A4
著,国风・齐风・著
联众,北京联众互动网络股份有限公司
提莫,迅捷斥候
危,危姓
ti,DOTA2国际邀请赛
邹,邹姓
坎,埃姆雷・坎
大巴,蒙克・巴特尔
国民党,中国国民党
DB,数据库
太原市,太原
抚顺市,抚顺
长途车,长途汽车
鸡头,崆峒山
耳屎,耵聍
跑跑,跑跑卡丁车
TT,Tizzy T
武士,勇士
尿床,遗尿症
小黑,柯受良
赣,江西
王氏,王姓
TUT,太原理工大学
轮回,诛仙第二部
福大,福州大学
B2,B-2轰炸机
人大,中国人民大学
try,T.R.Y
回坊,回民街
萨芬,马拉特・萨芬
黑卡,美国运通百夫长黑金卡
502,502胶水
考拉,树袋熊
番禺,番禺区
有客,周颂・有客
秦氏,秦姓
元素,化学元素
星空,星月夜
乘客,太空旅客
猴币,2016年贺岁普通纪念币
布偶,布偶大电影
环钱,圜钱
尚,尚姓
移动电话,手机
大话,大话西游Ⅱ
nm,内蒙古
太古,太谷县
江,江姓
颜,颜姓
北大,北京大学
Qb,Q币
同人,同人卦
汉,武汉
IQ,智商
无线网,无线网络
贺,贺姓
三大,中国共产党第三次全国代表大会
本经,神农本草经
霸道,普拉多
史,史姓
三生,三生（中国）健康产业有限公司
武警,中国人民武装警察部队
痘痘,痤疮
微整,微整形
易方达,易方达龙宝货币市场基金
天赋,天才少女
地狱,但丁密码
揭阳市,揭阳
联通公司,中国联合网络通信集团有限公司
邱,邱姓
长沙市,长沙
高校,高等学校
石阡,石阡县
网红,网络红人
孔,孔姓
步步,滨崎步
单机,单机游戏
月均,月平均
射手,射手座
将军,将・军
天河,天河区
潘,潘姓
÷,除号
旅程,旅程：布莱尔回忆录
康,康姓
闫,闫姓
怪兽,温尚翊
rtx,RTX腾讯通
东区,东区街道
斗牛,斗牛犬
一个男孩,单亲插班生
仇,仇姓
寒,蔡芷纭
南门,南门姓
发芽,sprout
ì,电流
韦德,德怀恩・韦德
北戴河,北戴河区
747,波音747
可卡,可卡犬
鹿,鹿科
及时雨,宋江
民警,人民警察
辽宁沈阳,沈阳
鳄,鳄鱼
挖币,比特币挖矿机
619,雷・密斯特里奥
八路,八路军
碧桂园,碧桂园集团
阿达,阿达・洛芙莱斯
四方,四方区
代后,兹伏奇・大吾
三无,三无少女
管委会,管理委员会
洛克,洛克・霍华德
MP5,MP5冲锋枪
林肯,亚伯拉罕・林肯
脸书,Facebook
PPT,Microsoft Office PowerPoint
阿兰,阿兰・达瓦卓玛
沃,伊夫林・沃
梁,梁姓
悟空,西游记之大圣归来
白虎,薛仁贵
鄞州,鄞州区
不朽,不朽大师
吊丝,潘
Sb,锑
疾风,月光疾风
广西南宁,南宁
边缘,势不两立
政协,中国人民政治协商会议
新兴,新兴县
西北地区,中国西北地区
赣州市,赣州
豆瓣,豆瓣网
超大,超级大本营
叮当,谢昀杉
劫,影流之主
西门,西门姓
郑州市,郑州
肥胖,单纯性肥胖
柳,柳姓
西南,西南地区
海宽,海宽禅师
婆婆妈妈,当婆婆遇上妈
tenpay,财付通
比登,约翰・比登
喉咙痛,咽喉痛
泡面,方便面
张家口市,张家口
生殖器官,生殖器
二战,第二次世界大战
华府,华盛顿哥伦比亚特区
乳交,半身性交
艺龙,艺龙旅行网
赵晶,赵彦乔
a4,奥迪A4
岳,岳：冰峰救援
晕车,晕动病
阳历,太阳历
贷资,资贷
dnf,地下城与勇士
詹,埃姆雷・坎
台币,旧台币
施,施姓
青田,青田县
蓉,成都
瑶瑶,郭书瑶
三八节,国际劳动妇女节
芊芊,卢小娟
UK,英国
甘肃兰州,兰州
大哥大,洪金宝
公文,公务文书
串口,串行接口
农信社,农村信用合作社
赛罗,赛罗・奥特曼
帮贷,贷帮网
甜心,李欣汝
凯撒,盖乌斯・尤利乌斯・恺撒
zn,锌
血癌,白血病
日向,日向一族
石化,石油化学工业
白牙,旗木佐云
闪光,猎空
星际,星际争霸
饮酒,饮酒二十首
青海省,青海
WC,碳化钨
平定,平定县
朵朵,罗梓琳
人生大事,错爱3
兰西,兰西县
故宫,北京故宫
康师傅,康师傅控股有限公司
PP,聚丙烯
库珀,布莱德利・库珀
中国政府,中华人民共和国中央人民政府
大宝,北京大宝化妆品有限公司
宝安,宝安区
麦德龙,麦德龙超市
清华,清华大学
白马,卡文迪许
本加,亚历山大・本加
pvc,聚氯乙烯
山水,叶千华
taobao,淘宝网
比尔盖茨,比尔・盖茨
宋,宋朝
欧阳,欧阳姓
滕,滕姓
甄,甄姓
XXX,极限特工
晏,晏婴
阿三,印度阿三
苟利国家生死以,苟利国家生死以，岂因祸福避趋之
娜娜,林珍娜
校内,人人网
小暴龙,宝宝暴龙
赶集,赶集网
代理人,亲密治疗
密密,陈密
太平洋保险,中国太平洋保险（集团）股份有限公司
乔布斯,史蒂夫・乔布斯
NB,New Balance
惠民,惠民县
黄怡,海清
子乔,姬晋
WPS,WPS OFFICE
鬼魂,闪灵侠
Iphone7,iPhone 7
澎湃,彭湃
大好河山,大境门
元芳,李元芳
摩卡,摩卡咖啡
冰激凌,冰淇淋
哈林,庾澄庆
C4,C4塑胶炸药
殷,商朝
艾薇儿,艾薇儿・拉维尼
毒药,李颖
哈佛,哈佛大学
co,钴
肥肥,沈殿霞
郑,郑姓
厦门市,厦门
itsm,it服务管理
钟亮,钟久夫
小月,杜小月
赤峰市,赤峰
游览器,浏览器
复旦,复旦大学
剑圣,裴F
当当,当当网
犬,狗
建平,建平县
可成,可成科技股份有限公司
二炮,中国人民解放军火箭军
大刀,关胜
遗传,遗传算法
丰,国风・郑风・丰
憨豆,憨豆先生
恩施,恩施土家族苗族自治州
巴哈,约翰・塞巴斯蒂安・巴赫
第七期,第七阶
十大,中国共产党第十次全国代表大会
小红,林红玉
nb,New Balance
应用程序,应用程式
石岐区,石岐街道
绝地,绝地武士团
国标,国家标准
板面,太和板面
电视电话,可视电话
卡多,阿纳贝尔・卡多
肥皂,约翰・麦克塔维什
中方,中方县
荼靡,荼蘼
科举,科举制度
亚东,亚东县
海内,海内网
亚克,亚克・海灵顿
大礼,南诏
龙岩市,龙岩
日币,日本货币
大S,徐熙媛
云龙,云龙区
奥斯卡,奥斯卡金像奖
TF,风暴战区
景区,旅游景区
中考,初中学业水平考试
4.19,4.19运动
新蛋,新蛋网
注册码,计算机软件注册码
铜川市,铜川
喜悦,洪成美
利高,利库姆
ww,疾风步
918,九・一八事变
玉皇,玉皇大帝
沙井,沙井街道
真善美,音乐之声
kg,凯文・加内特
福建厦门,厦门
3.14,圆周率
骡子,骡
克里克,克利克
欣然,刘欣然
哈尼,哈尼族
海南省,海南
ceo,首席执行官
bbox,beatbox
jk,J.K.罗琳
光谷,武汉东湖新技术产业开发区
xxx,极限特工
亓,亓姓
哈尔滨市,哈尔滨
po,钋
武大,武汉大学
MIUI7,MIUI 7
衡阳市,衡阳
小度,小度机器人
上图,上海图书馆
单反,单镜头反光相机
星爷,周星驰
HUAWEI,华为技术有限公司
民国,中华民国
遥,小遥
小河,小河区
中国联通,中国联合网络通信集团有限公司
文静,李文静
wow,魔兽世界
屠苏,百里屠苏
fbi,美国联邦调查局
滇,云南
IPHONE7,iPhone 7
摩根,摩根・弗里曼
慈,慈姓
医保卡,社会医疗保险卡
更年期,围绝经期综合征
op,航海王
沭阳,沭阳县
李建,李健
遵义市,遵义
吴川市,吴川
靴子,shuzu
请会,打会
高级中学,高中
vg,VG电子竞技俱乐部
VPN,虚拟专用网络
姬,姬姓
安庆市,安庆
基金净值,基金单位净值
史蒂芬,史蒂芬・A・斯塔菲斯
拉姑,狄波拉
大西,大西政权
介休市,介休
国泰,爱新觉罗・国泰
日代,日本代购
ios10,iOS 10
中南,中南大学
王子,邱胜翊
403,403错误
魔兽,魔兽争霸
米拉,米拉公主
9.18,九・一八事变
杭州市,杭州
木工板,细木工板
GB,英国
水饺,饺子
河源市,河源
火龙,艾特利亚斯・纳兹・多拉格尼尔
同心,同心县
呼和浩特市,呼和浩特
赤,赤姓
蓝屏,电脑蓝屏
昌吉,昌吉回族自治州
小宝,王一鸣
安检,安全检查
猫咪,猫
帝都,北京
丽莎,莉莎・艾薇・杜・安克
倒库,倒桩
baidu,百度
龙马,越前龙马
姓张,张姓
晕船,晕动病
宝妈,王美华
菲菲,莲音
公斤,千克
裸贷,裸条
金黄色,金黄
南宁市,南宁
发老,法老
富贵花,牡丹
auto,汽车
wc,碳化钨
咸,咸姓
国土局,国土资源局
五一劳动节,五一国际劳动节
△,三角形
iphone6,iPhone 6
魔术,奥兰多魔术队
ē,自然常数
潮州市,潮州
欧冠,欧洲冠军联赛
公共英语,全国英语等级考试
河西,河西新城
Jojo,乔纳森・乔斯达
乐清市,乐清
系统控制,中央控制系统
小文,金志文
夜店,夜・店
科帕,雷蒙德・科帕
吉大,吉林大学
Mars,火星
红十字,红十字国际委员会
小高,高渐离
大鹏,董成鹏
交大,交通大学
股东会,股东大会
客家话,客家语
she,S.H.E
土狗,中华田园犬
iOS10,iOS 10
盖茨,比尔・盖茨
jr,朴珍荣
卡其,卡其布
v3,摩托罗拉V3
gc,罪恶王冠
厅级,厅局级
HB,血红蛋白
淄川,淄川区
禽流感,人感染禽流感
三一,三一集团
VF,visual foxpro
天际,上古卷轴5：天际
英航,英国航空公司
泷泽萝拉,水D萝拉
福满,爱新觉罗・福满
普京,弗拉基米尔・弗拉基米罗维奇・普京
玉蒲团,3D肉蒲团之极乐宝鉴
野马,野马汽车
zhou,陈尧
成都市,成都
色戒,色・戒
I7,酷睿i7
洛阳市,洛阳
好巧,好巧网
村委,村民委员会
HQ,对苯二酚
净化器,空气净化器
阳具,阴茎
通天塔,巴别塔
老年痴呆,阿尔茨海默病
福安市,福安
进城,解放上海
科幻,科学幻想
独孤,独孤姓
鲁豫,陈鲁豫
唐吉,钱德拉・巴哈杜尔・唐吉
化身,阿凡达
萨哈,路易斯・萨哈
证监会,中国证券监督管理委员会
汉人,汉族
UPS,不间断电源
农村妇女,农村留守妇女
大河,逢坂大河
脸谱,Facebook
华南,华南地区
毛蛋,毛鸡蛋
博士生,博士研究生
黄色片,黄色电影
宿,宿迁
阿拉伯塔,阿拉伯塔酒店
酉阳,酉阳土家族苗族自治县
分布式,分布式直流电源
蝴蝶花,三色堇
着魔,迷恋
cpb,cle de peau beaute
京,北京
邯郸市,邯郸
平等待遇,国民待遇
cod,化学需氧量
SARS,重症急性呼吸综合征
南非,南非共和国
处女座,室女座
失忆,失忆症
信使,信使号
CP,配对
金佳,金珈
nfc,近场通信
电容,电容器
皇马,皇家马德里足球俱乐部
利空,股市利空
百佳,百佳超市
涪陵,涪陵区
OICQ,QQ
代比,伊德里斯・代比
达尔文,查尔斯・罗伯特・达尔文
泉州市,泉州
春节晚会,中央电视台春节联欢晚会
who,世界卫生组织
青岛市,青岛
死去活来,一生有你
申花,上海绿地申花足球俱乐部
巴萨,巴塞罗那足球俱乐部
奶罩,胸罩
虚度光阴,光阴虚度
天门市,天门
脚气病,维生素B1缺乏病
技术部,中华人民共和国科学技术部
凤翔,凤翔县
贝多芬,路德维希・凡・贝多芬
佘,佘姓
哈工大,哈尔滨工业大学
京津沪,北上天
有机物,有机化合物
贝尔,贝尔・格里尔斯
巨型计算机,超级计算机
泰隆,刀锋之影
篮球赛,篮球比赛
石楼,石楼县
彤彤,蔡Z彤
生二胎,准生二胎政策
风子,伊吹风子
龙之谷,龙之谷：破晓奇兵
Windows,Windows操作系统
红楼,红楼梦
丫鬟,丫环
cfm,穿越火线：枪战王者
sunny,李顺圭
维嘉,李维嘉
新乡市,新乡
比卡丘,皮卡丘
新疆维吾尔自治区,新疆
东突,东突厥斯坦
守护者,守护者：世纪战元
霍华德,德怀特・霍华德
李奕萱,李奕娴
美联储,美国联邦储备系统
廖,廖姓
师大,师范大学
g6,北京－拉萨高速公路
伯,伯姓
科科,弗朗西斯科・科科
AK,卡拉什尼科夫自动步枪
出车,小雅・出车
C,连接号
烧饼,朱云峰
覃,覃姓
炔,炔烃
log,对数
贝勒,多罗贝勒
开化,开化县
中兴,中兴通讯股份有限公司
远征,远征Online
火麒麟,AK47-火麒麟
软件平台,软件开发平台
Wap,无线应用通讯协议
康熙,爱新觉罗・玄烨
马先生,肖炳实
女同,女同性恋
大明,明朝
北风,国风・邶风・北风
范德萨,埃德温・范德萨
ci,置信区间
百分率,百分比
公分,厘米
ab,Angel Beats!
龙泉,龙泉驿区
五儿,柳五儿
顶上,大事件
福利彩票,中国福利彩票
tut,太原理工大学
妞妞,赵一涵
M9,M9手枪
响亮,耳光响亮
单机版,单机游戏
蕾丝,女同性恋
处理器,中央处理器
bv,Bottega Veneta
马汉,阿尔弗雷德・赛耶・马汉
体彩,体育彩票
包膜,囊膜
优品,优品网
杨贵妃,杨玉环
暴龙,霸王龙
抗日,抗日战争
office,Microsoft Office
jin,金硕珍
南京市,南京
坠落,坠入
初始状态,初始不连续状态
oppoA59,OPPO A59
詹姆斯,勒布朗・詹姆斯
余生,重返地球
威尔,苏格拉瓦・卡那诺
AK47,AK-47突击步枪
窝头,窝窝头
南头,南头镇
阿济格,爱新觉罗・阿济格
博爱,博爱县
心衰,心力衰竭
下桥,下桥镇
大车,国风・王风・大车
菜菜,hello菜菜
陆,陆姓
深大,深圳大学
维二码,二维码
windows10,Windows 10
嘀嗒,滴答
邹平,邹平县
杨莲,杨婵
sao,刀剑神域
溜冰,溜冰毒
孤儿,孤儿怨
心火,筑梦庄园之心火
博瑞,吉利博瑞
技校,技工学校
双性人,小儿两性畸形
全国政协,中国人民政治协商会议全国委员会
适应环境,环境适应
活塞,底特律活塞队
vTV,越南电视台
潇湘,林黛玉
鲜肉,新生六居客
贾森,贾森・特里
dl,大连
sina,新浪
js,javascript
虎丘,虎丘山风景名胜区
石湾,石湾镇
周口市,周口
杰克逊,迈克尔・杰克逊
cs,反恐精英
天文,天文学
周生生,周生生集团国际有限公司
小信,金范
路飞,蒙奇・D・路飞
Jack,杰克
apple,苹果公司
nO,一氧化氮
阿道夫,阿道夫・希特勒
蛋痛,蛋疼
脚气,足癣
韭菜花,韭花
浪潮,浪潮集团有限公司
欧洲杯,欧洲足球锦标赛
ei,工程索引
n72,诺基亚N72
海波,硫代硫酸钠
世博会,世界博览会
哈尔,哈尔・乔丹
华润集团,华润（集团）有限公司
特朗普,唐纳德・特朗普
OPPOR9,OPPO R9
猫眼,猫眼三姐妹
石家庄市,石家庄
热火,迈阿密热火队
捣蛋鬼,小魔怪
嵩明,嵩明县
温州市,温州
日共,日本共产党
ime,输入法编辑器
lr,铹
思文,周颂・思文
BC,不列颠哥伦比亚省
安息,帕提亚帝国
八一,八一建军节
万能钥匙,WiFi万能钥匙
落落,苏落
万马奔腾,万马奔腾电器超市
城镇化,城市化
阿明,伊迪・阿明
ISO,国际标准化组织
沙坪坝,沙坪坝区
滨江,滨江区
公明,公明街道
苍南,苍南县
高职,高职院校
清人,国风・郑风・清人
临沧市,临沧
郫县,郫都区
善莫大焉,知错能改，善莫大焉
血液,blood
大兴,大兴区
柳州市,柳州
礼袋,礼品袋
周旋,周璇
熊熊,卓毓彤
阿姆,埃米纳姆
时光倒流,时间倒流
光环,光晕
梁国,南朝梁
新店,新店镇
幻影,幻影2000战斗机
哈登,詹姆斯・哈登
金山,旧金山
○,
古风,古体诗
观音,观世音
物语,物语系列
178,178游戏网
八里,八里区
邮编,邮政编码
HSK,中国汉语水平考试
舒马赫,迈克尔・舒马赫
KT,KT Rolster
IOS10,iOS 10
华东,华东地区
痔疮,痔
钓鱼台,钓鱼岛
华联,北京华联集团投资控股有限公司
科技部,中华人民共和国科学技术部
共党,共产党
希特勒,阿道夫・希特勒
巴中市,巴中
六级,大学英语六级考试
阿坝,阿坝藏族羌族自治州
林口,林口县
松原市,松原
凤姐,王熙凤
明珠,纳兰明珠
omg,OMG电子竞技俱乐部
空开,空气开关
透明人,透明人魔
九龙,九龙半岛
承德市,承德
枣,枣庄
发改委,中华人民共和国国家发展和改革委员会
安塞,安塞区
杨阳洋,杨文昌
贵阳市,贵阳
国安,北京中赫国安足球俱乐部
抄手,馄饨
打嗝,呃逆
街道办,街道办事处
br,溴元素
白人,白色人种
WLAN,无线局域网
店长,宫政
大石,大石藏人
船长,海洋之灾
南平市,南平
楼市,房地产市场
川航,四川航空股份有限公司
焦,焦耳
炮友,朋友也上床
陈东,白冰
茅台,茅台酒
出生入死,致命摇篮
saw,电锯惊魂
富阳,富阳区
cuo,氧化铜
红军,中国工农红军
红绿灯,交通信号灯
拉姆,菲利普・拉姆
村子,村庄：阿雉阿拉的秘密
UC,加利福尼亚大学
益阳市,益阳
七秒钟,7秒钟
柚子,柚
北辰,北辰区
小霞,黄绮珊
追随者,杀手信徒
长治市,长治
318,318国道
满天星,圆锥石头花
三哥,苗侨伟
丁香,公丁香
冷冷,冷雨萱
娘亲,后妈的春天
桃源,桃源县
im,智能制造
WP,Windows Phone
澳币,澳大利亚元
In,铟
9.11,9・11事件
德甲,德国足球甲级联赛
奉新,奉新县
打呼噜,打鼾
阿杰,张杰
ND,钕
IPhone7,iPhone 7
番禺市,番禺区
WF,战争前线
人大代表,人民代表大会代表
mi,熔融指数
东南,东南地区
扎西德勒,西藏秘密
787,波音787
香港特区,香港
nima,尼玛县
帝豪,吉利帝豪
new,查亚鹏・普帕特
白石,姜夔
开发软件,软件开发
马来,马来西亚
南沙,南沙群岛
战无不胜,97古惑仔之战无不胜
财产权利,财产性权利
氐,氐族
丝丝,甜丝丝
阿帕奇,AH-64武装直升机
景,景姓
WP8,Windows Phone 8
大话西游,大话西游之爱你一万年
DNA,脱氧核糖核酸
iso,国际标准化组织
ed,英雄传说
WW,疾风步
山西太原,太原
红黄蓝,红黄蓝幼儿园
Iphone6plus,iPhone 6 Plus
加拉,威廉・加拉斯
ios9,iOS 9
uuu,
国王,萨克拉门托国王队
乐平,雅木茶
六道,六道仙人
晨光,上海晨光文具股份有限公司
th,钍
272,梅苏特・厄齐尔
英豪,英豪卡组
内射,体内射精
973,国家重点基础研究发展计划（973计划）
日照市,日照
葛,葛姓
青阳,青阳县
内积,点积
辛,东界王神
金鸡,中国电影金鸡奖
一课,作业帮一课
薛,薛姓
开拓市场,市场开拓
统联,中国统一联盟
福克斯,二十世纪福克斯电影公司
肩并肩,阴阳相成
嗦嗦,哩嗦
会理,会理县
hq,对苯二酚
iOS9,iOS 9
响水,响水县
国税局,国家税务局
刘汉,汉朝
欧拉,莱昂哈德・欧拉
UFO,不明飞行物
iPhone5s,iPhone 5s
豺狼,豺
明矾,十二水硫酸铝钾
卡夫卡,弗兰兹・卡夫卡
长寿,长寿区
东阳市,东阳
港督,香港总督
飞云,飞云镇
想当年,想当年：80后成长纪念册
小辉,李志辉
黎,黎姓
小可,可鲁贝洛斯
顺风,中国顺风棉花网
iPhone6,iPhone 6
沈阳市,沈阳
芙,枫
未央,未央宫
南阳市,南阳
诺言,明凯
王府井,王府井大街
竹竿,国风・卫风・竹竿
濮阳市,濮阳
聂,聂姓
baw,B.A.W
维吾尔,维吾尔族
海口市,海口
国足,中国国家男子足球队
戴利,托马斯・戴利
筹集资金,资金筹集
轻餐,轻食餐厅
消协,中国消费者协会
山西大同,大同
救世主,宇宙追缉令
黔西南州,黔西南布依族苗族自治州
裤袜,连裤袜
i3,酷睿i3
网警,网络警察
dn,死亡笔记
pt,电压互感器
酒精,乙醇
荷兰猪,豚鼠
盐城市,盐城
Zz,宇智波佐助
平米,平方米
南湖,嘉兴南湖
pan,泮托拉唑
惠州市,惠州
汇通,百世汇通
国剧,京剧
找不着北,真情如梦
傅,傅姓
章丘,章丘区
湘,湖南
洁面乳,洗面奶
爵士,爵士舞
JOE,曹三丰
满送,满就送
qq6,奇瑞QQ6
卢卡,卢卡・赛里科・雷特
携程网,携程
致远,致远号巡洋舰
仲康,姒中康
广元市,广元
封测,封闭测试
开发技术,技术开发
黄岩,黄岩区
中正,蒋介石
内乡,内乡县
苏共,苏联共产党
双流县,双流区
丰台,丰台区
银监,中国银行业监督管理委员会
意外险,意外伤害保险
克拉克,克拉克・肯特
victory,SEUNGRI
rp,快速成型
宁乡县,宁乡
斗鱼,斗鱼TV
下关,下关穴
金华市,金华
oppor819t,OPPO R819T
咸阳市,咸阳
粘土,黏土
尤文图斯,尤文图斯足球俱乐部
皖,安徽
转租,转租赁
尼姆,尼姆足球俱乐部
杭州湾,宁波杭州湾新区
张果,张果老
国航,中国国际航空股份有限公司
蓝山,蓝山县
小龙女,吴卓林
sB,锑
制片人,制作人
兴隆,兴隆县
宫外孕,异位妊娠
华盖,华盖星
大峡谷,恩施大峡谷
奇才,华盛顿奇才队
清远市,清远
隆安,隆安县
纸鸢,风筝
克里,约翰・克里
梭罗,亨利・戴维・梭罗
安然无恙,Safe&Sound
经开区,西安经济技术开发区
狂风,狂风战斗机
鸣人,漩涡鸣人
闽侯,闽侯县
双修,双修派
韩氏,韩姓
内内,内内・希拉里奥
爱迪生,托马斯・阿尔瓦・爱迪生
襄汾,襄汾县
温网,温布尔登网球锦标赛
02,圆周率
银鹭,厦门银鹭食品集团有限公司
qzone,QQ空间
黄色图片,色情图片
困困,于困困
特警,特种警察
飙车,飚车
工体,北京工人体育场
岚,ARASHI
万人迷,李德
夏威夷,夏威夷州
福清市,福清
布拉特,约瑟夫・布拉特
丹心,陈源
阿乐,阿托伐他汀钙片
虞美人,虞姬
G3,北京－台北高速公路
hk,香港
802.3,IEEE 802.3
数分,数字分组
余杭,余杭区
伊犁,伊犁哈萨克自治州
服务网络,网络服务
网球场,网球场地
j3,JBOY3
包面,馄饨
国军,国民革命军
老顽童,周伯通
永宁,永宁县
静海,静海区
碣石,碣石镇
北汽,北汽集团
伯牙,俞伯牙
弗洛伊德,西格蒙德・弗洛伊德
ioi,I.O.I
博罗,博罗县
石林,昆明市石林风景区
魅惑,牡丹花下
味素,味精
t2,T2次
鹈鹕,新奥尔良鹈鹕队
智联,智联招聘
奔驰车,奔驰汽车
嘉善,嘉善县
沿河,沿河土家族自治县
早教,早期教育
澳门特区,澳门
齐齐哈尔市,齐齐哈尔
淡菜,贻贝
第三号,托利托斯
小美,贺军翔
尤文,尤文图斯足球俱乐部
赛尔,乔治・赛尔
黑山,黑山共和国
三鹿,石家庄三鹿集团股份有限公司
教育部,中华人民共和国教育部
四喜,鹊鸲
蚌埠市,蚌埠
湘潭市,湘潭
锦屏,锦屏县
显示屏,显示器
bbc,英国广播公司
黄圃,黄圃镇
九尾,九尾九喇嘛
刚果,刚果共和国
李青,盲僧
大年初二,正月初二
四六级,大学英语四六级考试
金马奖,台湾电影金马奖
阳江市,阳江
离歌,离歌I
Nih,美国国立卫生研究院
雏田,日向雏田
汲,卫辉
封神榜,封神传奇
非法拘禁,非法拘禁罪
lD,镭射影碟
草狗,中华田园犬
纪晓岚,纪昀
说唱,rap
变身,变身超人
Paul,克里斯・保罗
内大,内蒙古大学
韵达,韵达快递
工商总局,中华人民共和国国家工商行政管理总局
过敏原,变应原
沃尔夫,弗吉尼亚・伍尔芙
张浦,张浦镇
自考,高等教育自学考试
欧赔,欧洲赔率
领英,LinkedIn
周期律,元素周期律
天皇,李治
aPp,手机软件
市场占有率,市场份额
ft,英尺
净流入,资金净流入
黑虎,黑蓝虎
黑腹,腹黑
七律,七言律诗
711,7-11
MA,移动平均线
热火队,迈阿密热火队
吾王,阿尔托利亚・潘德拉贡
大工,大连理工大学
小淘气,罗刹女
九孔,吕孔维
胡思乱想,乱世三人行
PICC,中国人民财产保险股份有限公司
豫,河南
重疾,重大疾病
sod,超氧化物歧化酶
爬灰,扒灰
龙江,龙江县
传呼机,寻呼机
GDP,国内生产总值
CCTV5,中央电视台体育频道
ZG,祖尔格拉布
白狼,北极狼
中央电视台,中国中央电视台
木乃伊,新木乃伊
创业基金,风险投资基金
大夏,西夏
vivoX7,vivo X7
库切,约翰・马克斯韦尔・库切
软银,软件银行集团
CIO,首席信息官
豪哥,李国豪
杨高,上海市杨浦高级中学
肺栓塞,肺栓塞和肺梗死
基德,怪盗基德
桑果,桑葚
孝感市,孝感
mic,MIC男团
黑瞎子,黑瞎子岛
日光灯,荧光灯
猫扑,猫扑网
松岗镇,松岗街道
文远,张辽
季后赛,NBA季后赛
属相,十二生肖
红魔,曼彻斯特联足球俱乐部
拉菲,拉菲红酒
喜马拉雅山,喜马拉雅山脉
黑死病,鼠疫
N,千米
特种部队,特种部队：眼镜蛇的崛起
中办,中国共产党中央委员会办公厅
武功,武功山
RpG,角色扮演游戏
阜外医院,中国医学科学院阜外心血管病医院
一贫,李逍遥
黄婆,沙悟净
翻云覆雨,覆雨翻云
猛龙,多伦多猛龙队
长虹,四川长虹电子控股集团有限公司
雷克塞,虚空遁地兽
169,武汉号驱逐舰
大三巴,大三巴牌坊
HCG,人绒毛膜促性腺激素
N97,诺基亚N97
巴东,巴东县
马修,蔡志强
cun,中央民族大学
梦之队,美国国家男子篮球队
交管局,武汉市公安局交通管理局
阿瑟,切斯特・艾伦・阿瑟
el,妖精的旋律
山姆,山姆卫斯・詹吉
水军,网络水军
ios7.1,ios 7.1
帕金森,帕金森综合征
北韩,朝鲜
Diana,戴安娜王妃
阿方索,阿方索・佩雷斯・穆尼奥斯
春城,昆明
福州市,福州
中国解放军,中国人民解放军
阿加西,安德烈・阿加西
随州市,随州
KFC,肯德基
渣打,渣打银行
12.9,一二・九运动
剑峰,魏剑峰
族谱,家谱
尔康,福尔康
博隆,冢越博隆
基尔,水无怜奈
≠,不等号
仙剑,仙剑奇侠传
古田,古田县
iqiyi,爱奇艺
第五代,第五代战斗机
交强,机动车交通事故责任强制保险
维亚,威亚
情缘,北魏传奇之情缘
美女如云,无懈可击之美女如云
果度,果度网
联运,联合运输
斯拉,酷斯拉
盖伦,德玛西亚之力
潭头,潭头镇
马鸡,马鸡属
湖大,湖南大学
哈勃,哈勃空间望远镜
大理,大理白族自治州
天中,驻马店
海航,海航集团
HTC,宏达国际电子股份有限公司
肇庆市,肇庆
戈尔巴乔夫,米哈伊尔・谢尔盖耶维奇・戈尔巴乔夫
广西省,广西
齐天大圣,孙悟空
万事达,万事达国际组织
万里长城,长城
HP,幽门螺杆菌
火狐狸,Mozilla Firefox
烛光,坎德拉
破军星,破军
dw,Adobe Dreamweaver
蜘蛛侠,蜘蛛侠：英雄归来
海事局,中华人民共和国海事局
pi,圆周率
加友,友加
于田,于田县
纳什,约翰・纳什
复生,谭嗣同
呼机,寻呼机
格老子,格老子的
恶性肿瘤,癌症
准备金率,存款准备金率
费迪南德,里奥・费迪南德
诗人节,端午节
卡塞雷斯,马丁・卡塞雷斯
宣传部,中国共产党中央委员会宣传部
长泰,长泰县
Ruhr,鲁尔河
彭博,迈克尔・布隆伯格
陈彬,跳舞
专门利人,毫不利己，专门利人
秋后算帐,秋后算账
his,医院信息系统
双双,陈思妤
人防,人民防空
MX4,魅族MX4
微爱,微爱之渐入佳境
圣徒,驱魔者
马克思,卡尔・马克思
卡洛斯,罗伯托・卡洛斯
保密法,中华人民共和国保守国家秘密法
微山,微山县
滇红,云南红茶
读读书,读书读书
上证综指,上海证券综合指数
血病,血证
葫芦岛市,葫芦岛
Alt,谷丙转氨酶
追根究底,面具
龙猫,毛丝鼠
黄燕,黄燕集团
财险,企业财产险
母夜叉,孙二娘
林西,林西县
穆图,阿德里安・穆图
三岛,迪加岛
绥德,绥德县
晒伤,日照性皮炎
李二,吉利可汗
基尔霍夫,古斯塔夫・罗伯特・基尔霍夫
波尔,马努特・波尔
理查德,理查德・米尔豪斯・尼克松
心梗,急性心肌梗死
eei,百代
长发,商颂・长发
金哥,张金哥
现金账,现金日记账
三门峡市,三门峡
曼联,曼彻斯特联足球俱乐部
蛀牙,龋病
妇科病,妇科疾病
诺维奇,诺维奇足球俱乐部
Index,茵蒂克丝
伽利略,伽利略・伽利雷
镇江市,镇江
昆明市,昆明
宜春市,宜春
一战,第一次世界大战
大圣,老子
卡鲁,跑得快
罗曼罗兰,罗曼・罗兰
IOS6,ios 6
sky,李晓峰
OP,航海王
合川,合川区
壶关,壶关县
金将军,王章
利津,利津县
崆峒,崆峒山
刘航,刘语熙
基排,基数排序
卡玛,kama
eu,欧洲联盟
解放军总医院,中国人民解放军总医院
怯,怯姓
阿比,阿比・克兰茜
电扇,电风扇
江口,江口县
惠安,惠安县
网联,非银行支付机构网络支付清算平台
增城,增城区
涵义,含义
wan,广域网
贪狼,杀破狼・贪狼
二号机,EVA二号机
成吉思汗,孛儿只斤・铁木真
尼木,尼木县
欢欢,于佳卉
邓肯,蒂姆・邓肯
东胜,东胜区
菱智,东风风行菱智
皮蛋,松花蛋
甲辰,沈从文
国际米兰,国际米兰足球俱乐部
oppoR7s,OPPO R7s
刘云,刘芸
廊坊市,廊坊
尹,尹姓
四道,四出文
b2,B-2轰炸机
QQ6,奇瑞QQ6
曾伟明,曾玮明
共产党员,中国共产党党员
cash,现金
勒流,勒流街道
面瘫,面神经麻痹
乳癌,乳腺癌
北约,北大西洋公约组织
葛生,国风・唐风・葛生
龙安,龙安区
东哥,布喜娅玛拉
普洱,普洱茶
问天,南宫问天
醉酒,急性酒精中毒
龙门,龙门石窟
Jerry,言承旭
米开朗基罗,米开朗基罗・博那罗蒂
元龙,洪金宝
御龙,御龙在天
香港特区政府,香港特别行政区政府
惠农,惠农区
兰州市,兰州
虎门,虎门镇
地理知识,中国国家地理
耐克,NIKE
晁,晁姓
余干,余干县
尚义,尚义县
方丹,朱斯特・方丹
沈飞,沈阳飞机工业集团
横栏,横栏镇
蝉衣,蝉蜕
光洁度,表面粗糙度
单车,自行车
乌兰浩特市,乌兰浩特
柳德米拉,柳德米拉・阿列克德罗付娜・普京娜
路德,马丁・路德
m9,M9手枪
TAO,黄子韬
鄂温克,鄂温克族
D3,暗黑破坏神Ⅲ
分歧,分歧者：异类觉醒
闪充,手机快速充电
GC,罪恶王冠
Wc,碳化钨
快玩,快玩游戏
和田,和田地区
其乐,clarks
肖刚,肖钢
RP,快速成型
欧足联,欧洲足球协会联盟
贝蒂斯,皇家贝蒂斯足球俱乐部
铁岭市,铁岭
沈北,沈北新区
磁存储器,磁表面存储器
大苏打,硫代硫酸钠
贡嘎,贡嘎山
天方夜谭,一千零一夜
安监局,安全生产监督管理局
图奇,瘟疫之源
初音,初音未来
大观园,北京大观园
廉江市,廉江
德文,德语
和顺,和顺县
白土,白土镇
秀逗,秀逗魔导师
击鼓,国风・邶风・击鼓
丁零,丁零人
小罗,罗纳尔迪尼奥
同德,同德县
noi,全国青少年信息学奥林匹克竞赛
NED,荷兰
美帝国主义,美利坚帝国
雪纳瑞,雪纳瑞犬
RF,罗杰・费德勒
Lr,铹
林妹妹,林黛玉
AG,银
安化,安化县
crash,撞车
十九世纪,19世纪
渭城,渭城区
goes,地球静止环境业务卫星
黑痣,色素痣
流川,流川枫
圆葱,洋葱
建阳,建阳区
台山市,台山
台独,台湾独立运动
茂名市,茂名
都江堰市,都江堰
龙海市,龙海
小鱼儿,沙俊良
包头市,包头
若风,禹景曦
lv,路易威登
exe,可执行程序
guy,盖・里奇
紫云,紫云苗族布依族自治县
红叶谷,红叶谷生态文化旅游区
桌球,台球
mj,迈克尔・杰克逊
粟,小米
文革,文化大革命
日杂,杂货
阴阳人,小儿两性畸形
剑及履及,剑及屦及
西溪,西溪国家湿地公园
舟山市,舟山
黑格尔,格奥尔格・威廉・弗里德里希・黑格尔
大喜之日,结婚纪念日
周董,周杰伦
米国,美国
张家港市,张家港
房管,房g
肠胃炎,胃肠炎
家庭教师,家庭教师HITMAN REBORN!
弯弯,胡家玮
花龟,中华花龟
西樵,西樵镇
FIBA,国际篮球联合会
刺秦,荆轲刺秦王
金沙,金沙江
大牙,周宜霈
华口,华口村
紫金,紫金山
DC,DC漫画
二次方,平方
民企,民营企业
格罗姆,格罗姆・地狱咆哮
视频压缩,视频编码
阿联,易建联
工程进度,工程形象进度
撒哈拉,撒哈拉沙漠
geek,极客
天道,佩恩
宜章,宜章县
崔胜贤,T.O.P
聚合物,高分子化合物
保监会,中华人民共和国保险监督管理委员会
EI,工程索引
秦皇岛市,秦皇岛
bang,裴俊植
卡斯帕罗夫,加里・卡斯帕罗夫
天秤,天平
魂,黑伤・魂
深海,余则成
黄州,黄州区
HI,碘化氢
农地,农用地流转
仓鼠,仓鼠亚科
汉阳,汉阳区
打机,打印机
常山,常山县
焱,焱妃
tui,文本用户界面
鲍,鲍姓
团委,中国共产主义青年团委员会
刀妹,艾瑞莉娅
希尔顿,帕丽斯・希尔顿
脱臼,关节脱位
k1,K-1
幕,幕后凶手
骑士,克利夫兰骑士队
王兰,王澜
克林顿,威廉・杰斐逊・克林顿
漳州市,漳州
猪扒,猪排
哥伦布,克里斯托弗・哥伦布
红掌,花烛
科斯塔,迭戈・科斯塔
省级,省部级
线路板,电路板
韶关市,韶关
成田,成田市
fs,法师
mM,多发性骨髓瘤
吴江,吴江区
BBS,电子公告牌系统
CNN,美国有线电视新闻网
熟石灰,氢氧化钙
天选,命定女王
华科,华中科技大学
马赛克,锦砖
地丁,地丁草
安理会,联合国安全理事会
王小明,李小狼
哈维,哈维・埃尔南德兹・克雷乌斯
vc,维生素c
上海市浦东新区,浦东新区
蔑视,轻蔑
wE,WE电子竞技俱乐部
六盘水市,六盘水
梨花,古手梨花
滚石,滚石国际音乐有限公司
青山,青山区
望海,望海的女人
搅基,搞基
大元,元朝
王村,芙蓉镇
德马,托马
徐工,徐州工程机械集团有限公司
宁晋,宁晋县
玛莎,蔡升晏
iPhone6plus,iPhone 6 Plus
jiqing,激情
黄龙,黄龙风景名胜区
a3,Q235
邢台市,邢台
杲,杲姓
卡萨丁,虚空行者
iF,IF设计奖
从江,从江县
金像奖,奥斯卡金像奖
名山,名山区
MJ,迈克尔・杰克逊
酒泉市,酒泉
EB,不列颠百科全书
fang,培查雅・朝哇里
美凯龙,红星美凯龙家居集团股份有限公司
马航,马来西亚航空公司
老鼠会,金字塔销售计划
小嘎,则卷宝瓜
金信,金信网
屏保,屏幕保护
台湾地区,台湾
吊瓜,栝楼
黄线,中心黄色虚实线
fox,Mozilla Firefox
父山,父・山
ld,镭射影碟
腊八,腊八节
东门,东门姓
貂禅,貂蝉
高数,高等数学
Coco,李玟
慈济,慈济慈善事业基金会
笛,笛子
嘎啦,蛤蜊
香洲,香洲区
钱王,钱H
F6,F-6战斗机
考驾照,驾驶证考试
新天地,上海新天地
影儿,刘影
宝坻,宝坻区
幼师,幼儿教师
etf,交易型开放式指数基金
高新区,高新技术产业开发区
海富通,海富通基金管理有限公司
罗林,刀郎
淡水,淡水街道
文成,文成县
USA,美国
岗前,岗前村
亚历山大,亚历山大大帝
麦当娜,麦当娜・西科尼
绿园,绿园区
小星,国风・召南・小星
隽,通城县
即墨,即墨区
月影,美丽石莲花
歌唱,欢乐好声音
PLL,美少女的谎言
东山,东山岛
连城,宫锁连城
本菲卡,本菲卡足球俱乐部
库克,蒂姆・库克
二姐,田姐辣妹
拉稀,腹泻
哈鲁,哈鲁・葛罗利
ipone,iPhone
阿敏,伊迪・阿明
活塞队,底特律活塞队
东方航空,中国东方航空股份有限公司
863,国家高技术研究发展计划（863计划）
司局级,厅局级
孔明,诸葛亮
榆林市,榆林
埋葬,活埋
白线,萎缩纹
上海大众,上海大众汽车有限公司
Copyright,版权
pm,PM项目管理
月经不调,月经失调
sodium,钠
德克勒克,弗雷德里克・威廉・德克勒克
多肉,多肉植物
求凰,凤求凰
恩里克,路易斯・恩里克
临漳,临漳县
蓝月亮,曼彻斯特城足球俱乐部
tk,丰子恺
柔柔,小蝶
美国大学,美利坚大学
切尔西,切尔西足球俱乐部
,升
国安局,美国国家安全局
瑞风,江淮瑞风
河豚鱼,河
库车,库车县
福王,朱常洵
钦州市,钦州
中国人民保险公司,中国人民保险集团股份有限公司
,钅
长大成人,长大后
幼稚园,幼儿园
唐家湾,唐家湾镇
大埔,大埔县
余新,余新镇
爱美,寺川爱美
As,强直性脊柱炎
mx,魅族MX
双子,镜音双子
蜀山,新蜀山剑侠
诺诺,陈墨瞳
麦克,麦克风
东农,东北农业大学
东站,广州东站
阿娇,钟欣潼
歌德,约翰・沃尔夫冈・冯・歌德
田鸡,虎纹蛙
僚,吴王僚
东岳庙,岱庙
台州市,台州
鄯善,鄯善县
凤阳,凤阳县
情有独钟,缘分天注定
不可抗力,不可抗力之男仆的秘密
bt,包头
遵义县,播州区
Ms,微软
豆果,豆果网
中共,中国共产党
道祖,太上老君
乐善,伊勒忒・乐善
布林,谢尔盖・布林
abs,防抱死制动系统
馍馍,馒头
mol,摩尔
狮,狮子
韩文,谚文
皇城,南京故宫
制定方案,绩效考核方案制定
新洲,新洲区
中央军委,中华人民共和国中央军事委员会
SQL,结构化查询语言
潮阳,潮阳区
英国曼彻斯特大学,曼彻斯特大学
夏目,夏目贵志
临汾市,临汾
梁翠萍,梁静茹
永不言败,贾斯汀・比伯：永不言败
德彪西,克劳德・德彪西
大公,姜子牙
奥运会,奥林匹克运动会
CIA,美国中央情报局
花月,风鸟院花月
paa,聚丙烯酸
中通,中通快递
盲点,弱点
瑞丽市,瑞丽
海格,鲁伯・海格
阿飞,飞
民歌节,南宁国际民歌艺术节
内马尔,内马尔・达席尔瓦
wps,WPS OFFICE
简爱,简・爱
oicq,QQ
安新,安新县
ng,硝化甘油
呼转,呼叫转移
托斯卡纳,托斯卡纳大区
HPV,人乳头瘤病毒
小兔,兔
上有老下有小,小爸妈
开水,白开水
伊利,内蒙古伊利实业集团股份有限公司
gem,邓紫棋
Dell,戴尔公司
启示,启示录
肖邦,弗里德里克・肖邦
青花,青花瓷
甲壳虫,The Beatles
湘西,湘西土家族苗族自治州
锐步,REEBOK
I,两
天等,天等县
w,真
黑大,黑龙江大学
三叔,吴三省
unified,一元化
江源,江源区
风湿,风湿病
城运会,中华人民共和国城市运动会
大桥,南京长江大桥
vfc,电压频率转换器
比尔,比尔・盖茨
怀安,怀安县
R2,新R2：霸主
挑战者,挑战者号航天飞机
华中,华中地区
沙市市,荆州
milk,米尔克
ss,术士
巴特,尼基・巴特
王学,王学
神十,神舟十号飞船
死字,死文字
阿妹,张惠妹
486,菜月昴
魔羯座,摩羯座
拉登,乌萨马・本・穆罕默德・本・阿瓦德・本・拉丹
桑洲,桑洲镇
皇室,皇室家族
锐界,福特锐界
cd,克罗恩病
拜仁,拜仁慕尼黑足球俱乐部
海狗,林奕勋
rpg,角色扮演游戏
温江,温江区
狐狸狗,银狐犬
bs,B/S结构
恭亲王,和硕恭亲王
第四军医大学,中国人民解放军空军军医大学
爱丽丝,爱丽丝・滋贝鲁库
小萌,唯欣
rg,
鳄梨,牛油果
扶余,扶余国
咽痛,咽喉痛
丘吉尔,温斯顿・丘吉尔
肚脐眼,肚脐
蚍蜉撼大树,蚍蜉撼树
武山,武山县
历下,历下区
偶巴,OPPA
SC,星际争霸
kid,怪盗基德
马边,马边彝族自治县
巢湖市,巢湖
国家机密,国家秘密
武义,武义县
f1,世界一级方程式锦标赛
PAA,聚丙烯酸
BH,b型h系
法国队,法国国家男子足球队
丁浩,丁宇辰
单身男人,单身男子
浪子,燕青
瑞士银行,瑞士联合银行集团
搜狐公司,搜狐
基恩,罗伊・基恩
马克,马克・奥巴马・狄善九
pa,压强
凯尔,审判天使
son,颂恩・宋帕山
凉山,凉山彝族自治州
Pc,个人计算机
Pk,我的个神啊
安丘市,安丘
安吉,安吉县
梅西亚,皇家穆尔西亚足球俱乐部
宜州,宜州区
g4,北京－港澳高速公路
返老还童,本杰明・巴顿奇事
IM,智能制造
全局,变身杀人事件
豆花,豆腐花
火箭队,休斯敦火箭队
乌克兰队,乌克兰国家足球队
马西,安德鲁・马西
子路,仲由
赵子龙,赵云
ǖ,铀
湖人队,洛杉矶湖人队
司法部,中华人民共和国司法部
wcg,世界电子竞技大赛
mother,母亲
邺,邺城
翔龙,翔龙无人机
别离,纳德和西敏：一次别离
az,ALDNOAH.ZERO
惠氏,惠姓
彼得,圣伯多禄
甲午战争,中日甲午战争
冒失,怦然心动
新历,公元
塘厦,塘厦镇
唐伯虎,唐寅
三个代表,三个代表重要思想
利马,范德莱・科代罗・德・利马
Jr,朴珍荣
教育费,教育经费
包皮炎,包皮龟头炎
ipa,国际音标
fun,Fun.
法牛,法国斗牛犬
行车证,机动车行驶证
奥谢,约翰・弗朗西斯・奥谢
哈萨克,哈萨克族
三笑,江苏三笑集团有限公司
CK,沉珂
周公,周恩来
宝应,宝应县
黄网,黄色网站
kt,KT Rolster
04,铀
鹤山市,鹤山
刚需,刚性需求
Kitty,hello kitty
柯桥,柯桥区
卡里米,阿里・卡利米
Elly,阮金红
道人,道士
股份公司,股份有限公司
动画片,动画
wendy,孙承欢
夜魔侠,超胆侠
迈克尔,迈克尔・杰克逊
黑猫,五更琉璃
鄂,湖北
无双,无双鬼
怀柔县,怀柔区
肯尼迪,约翰・肯尼迪
领妹,领域外的妹妹
手雷,手榴弹
开提,肖开提・亚力昆
民法,中华人民共和国民法通则
鱼台,鱼台县
四川菜,川菜
汇丰,汇丰集团
七一,中国共产党建党日
iPhone6s,iPhone 6s
tt,Tizzy T
ec,欧洲共同体
Li,锂
冀,河北
苏妲己,妲己
科普,科学普及
LED,发光二极管
刀锋,鬼刃
左撇子,铁拳
天津泰达,天津泰达足球俱乐部
皇族,皇族电子竞技俱乐部
高新,高新技术企业
王牌,谁是卧底之王牌
罗密欧,罗密欧・贝克汉姆
卫生部,中华人民共和国卫生部
iphone6S,iPhone 6s
伦教,伦教街道
德隆,阿兰・德龙
ERP,企业资源计划
向阳,向洋
虎人,丹尼斯・阿夫纳
神童,申东熙
WAP,无线应用通讯协议
田园,田沅
萨拉,阿斯兰・萨拉
Npc,中华人民共和国全国人民代表大会
安全卫士,百度卫士
赵琳,赵子琪
西山居,金山软件公司西山居工作室
飞毛腿,飞毛腿导弹
Email,电子邮件
viP,V.I.P.
mc,镆
雅雅,孙丽雅
七七,做七
寒羽良,胗疴
乳罩,胸罩
科协,中国科学技术协会
热狗,MC Hotdog
伊辛巴耶娃,伊莲娜・伊辛巴耶娃
黛玉,林黛玉
Ww,疾风步
毫不利己,毫不利己，专门利人
黑格,亚历山大・梅格斯・黑格
阿鲁巴,磨柱
小乖,成宥利
海明威,欧内斯特・米勒尔・海明威
和谐社会,社会主义和谐社会
优酷,优酷网
大器,绝密543
iq,智商
卡萨,格沙
小五,金恩圣
大连市,大连
春妮,徐春妮
永嘉,永嘉县
二龙,二龙镇
护卫,剑士
hp,幽门螺杆菌
自卫队,日本自卫队
奉先,吕布
恶名,匪帮说唱传奇
同义词,百度百科：跳转关系
清政府,清朝
四大美女,中国古代四大美女
天明,荆天明
淮北市,淮北
黑丝,黑丝袜
卡耐基,戴尔・卡耐基
高要,高要区
邓华德,鲍勃・邓华德
大湖,洪泽湖
沙拉,宇智波佐良娜
浦东,浦东新区
F1,世界一级方程式锦标赛
金毛,金毛寻回犬
性虐待,性虐待症
吕梁市,吕梁
三爷,三笠・阿克曼
红小豆,赤豆
嬴政,秦始皇
天女,天女青儿
好心肠,一片好心
军事博物馆,中国人民革命军事博物馆
竹叶青,竹叶青蛇
女巫,witch
hcg,人绒毛膜促性腺激素
华尔街,华尔街：金钱永不眠
晋江市,晋江
ī,电流
依恋,衣恋
黑河市,黑河
天完,天完政权
小甜甜,布兰妮・斯皮尔斯
VR,虚拟现实
Jj,林俊杰
ud,特拉华大学
汪清,汪清县
德宏州,德宏傣族景颇族自治州
ATm,自动取款机
上交所,上海证券交易所
怀化市,怀化
仲尼,孔子
那斯,宇宙龙那斯
格拉斯,君特・格拉斯
流感,流行性感冒
水东,水东镇
南昌市,南昌
闽,福建
施恩,圣殇
全国人民代表大会,中华人民共和国全国人民代表大会
wap,无线应用通讯协议
M8,魅族m8
ABC,中国农业银行
GD,G-DRAGON
嘉兴市,嘉兴
琼华,琼华派
阿根廷共和国,阿根廷
mse,Microsoft Security Essentials
蝙蝠侠,布鲁斯・韦恩
,带
归根结底,归根结蒂
新会,新会区
c#,c语言
玛雅,Autodesk Maya
霸州市,霸州
vivox6plus,vivo X6 plus
荆州市,荆州
周期时间,菲波纳奇时间周期
民丰,民丰县
文娜,刘文娜
足总杯,英格兰足总杯
尼克,凯文・米特尼克
米哈,多尔・米哈
株洲市,株洲
Wechat,微信
银川市,银川
随份子,随礼
青蛤,环文蛤
包总,包奕凡
反光镜,反光镜乐队
花火,日向花火
竹溪,竹溪县
白学,白学家
斗斗,郭斗之
帝魔,十二神将
付款单,付款凭单
古墩,古墩村
x5,宝马X5
黄鹂,黄鹂属
听取意见,执法听证
hon,超神英雄
三天打鱼,三天打鱼，两天晒网
定日,定日县
东岳,泰山
延安市,延安
戈登,埃里克・戈登
苹,O
华强北,华强北商业区
鄂尔多斯市,鄂尔多斯
临西,临西县
梅拉,费尔南多・梅拉
S,乐
阳泉市,阳泉
秀英,秀英区
手部,手
圣地,夺命深渊
小鹿,郏捷
sg,史蒂文・杰拉德
居委会,居民委员会
三江,三江学院
决水,史河
梁勇,梁振伦
沙欣,努里・沙欣
维基,维基百科
龙港,龙港镇
米粉肉,粉蒸肉
8K,8K型电力机车
kf,氟化钾
玉林市,玉林
qvod,快播
民勤,民勤县
二十岁,二十
波斯尼亚,波斯尼亚和黑塞哥维那
千文,太极千字文
金箍棒,如意金箍棒
三台,飞段
东子,范景宇
chen,金钟大
东城,东城区
小赤,小智
大北农,大北农集团
皮肤过敏,敏感性皮肤
ic,帝国理工学院
persistence,持久化
白塔,北海白塔
果洛,果洛藏族自治州
摩拜,摩拜单车
流鼻血,鼻衄
依此类推,以此类推
coupon,孳息率
豪逸华庭,豪逸御华庭
肾病,慢性肾脏病
线切割,电火花线切割
同江市,同江
巴马,巴马瑶族自治县
初级中学,初中
黄蜂,新奥尔良鹈鹕队
西西里,西西里岛
松江,松江区
无锡市,无锡
涓涓,宋祖儿
巴蒂,加布里埃尔・巴蒂斯图塔
杨浦,杨浦区
总代,总代理
登封市,登封
请帖,请柬
新塘,新塘镇
雀巢,雀巢公司
港仔,王嘉龙
兴国,兴国县
戏言,戏言系列
DK,死亡骑士
静止,相对静止
农资,农用物资
歌见,唱见
卡二,夏洛特・卡塔库栗
星云,释星云
苍,六弦之首・苍
乳酪,奶酪
成电,电子科技大学
pet,聚对苯二甲酸乙二醇酯
宁河县,宁河区
马刺,圣安东尼奥马刺队
江高,江高镇
喜临门,喜临门家具股份有限公司
NG,硝化甘油
西昌市,西昌
长兴,长兴县
CR,流动比率
cib,刑事情报科
百分之九,NINE PERCENT
质监局,质量技术监督局
领馆,领事馆
au,Adobe Audition
窦,窦姓
am,丙烯酰胺
得力,得力集团有限公司
潜力,潜在能力
双桥,双桥区
zz,宇智波佐助
kd,凯文・杜兰特
哈市,哈尔滨
宜昌市,宜昌
武宁,武宁县
牛皮癣,寻常型银屑病
邢,邢台
兜兜,吴晶晶
北斗,北斗卫星导航系统
奇艺,爱奇艺
林子,程晓东
永和,永和豆浆
出境游,出境旅游
脑血栓,脑血栓形成
环保部,中华人民共和国环境保护部
梅州市,梅州
孔氏,孔姓
水落石出,水落石出4
偃师市,偃师
雅安市,雅安
mod,游戏模组
小S,徐熙娣
手纸,卫生纸
岳阳市,岳阳
东航,中国东方航空股份有限公司
广平,广平县
安省,安大略省
酸爽,这酸爽
奉节,奉节县
马列主义,马克思列宁主义
灶神,赫斯提亚
穆雷,安迪・穆雷
慕,慕姓
成人片,色情片
Dc,DC漫画
孟氏,孟姓
彬县,彬州
ù,铀
911,9・11事件
统战,统一战线
纣,帝辛
PR,adobe premiere
miss,韩懿莹
五步蛇,尖吻蝮
建兴,建兴镇
程序安装,安装程序
政协会议,中国人民政治协商会议
艾特,高踩
xXx,极限特工
西工大,西北工业大学
惠南,惠南镇
大叶芹,短果茴芹
微信码,微信二维码
石城,石城县
奶牛,罗杰・费德勒
哈克,哈库
转基因,转基因技术
羊肉汤,羊汤
高密市,高密
电鬼,洛托姆
巴拉克,迈克尔・巴拉克
iPhone6splus,iPhone 6s Plus
呕气,怄气
3M,3M公司
ViP,V.I.P.
你死我活,电锯惊魂
万卡,凡卡
津,天津
乐山市,乐山
翟,翟姓
沧州市,沧州
和龙市,和龙
福鼎市,福鼎
吴中,吴中区
淫语,淫词秽语
荷尔蒙,激素
Angel,立华奏
贵港市,贵港
劳疾,积劳成疾
Silver,银
章子,匡章
youku,优酷网
厦大,厦门大学
麦克斯,麦克斯・奥特曼
太白,李白
兰兰,刘德林
笔笔,周笔畅
小丑,唐吉诃德・多弗朗明哥
老君,太上老君
锋范,本田锋范
Qe,量化宽松
萨伊,让・巴蒂斯特・萨伊
白头翁,白头鹎
沃尔,约翰・沃尔
喀什米尔,克什米尔
泗门,泗门镇
福冈,福冈县
故障率,失效率
小风,彩风凉
LA,洛杉矶
钱眼,平安是福
沙井镇,沙井街道
Seven,七宗罪
板桥,板桥区
东阿,东阿县
雷霆,俄克拉荷马城雷霆队
怀特,詹姆斯・怀特
卡特,詹姆斯・厄尔・卡特
sr,锶
成昆线,成昆铁路
其他支出,其他业务支出
朝阳市,朝阳
总结经验,经验总结法
三思,三思乡
恒生,恒生电子股份有限公司
老徐,徐静蕾
甘醇,乙二醇
南宫市,南宫
r,汉江怪物
公则,郭图
mma,综合格斗
茫崖,茫崖镇
鹌鹑,鹌鹑属
阳春市,阳春
朱子,朱熹
美女蛇,美女蛇之吻
ps4,playstation 4
伯仁,常遇春
克拉拉,李成敏
南充市,南充
醋酸,乙酸
港城,秦皇岛
拜尔,约翰・拜耳
债基,债券基金
zg,祖尔格拉布
楚雄州,楚雄彝族自治州
常德市,常德
维语,维吾尔语
新田,新田县
平山,平山县
慕斯,慕斯蛋糕
长春市,长春
晨风,国风・秦风・晨风
华北,华北地区
优步,Uber
视频卡,视频采集卡
西峰,西峰区
津南,津南区
共青团,中国共产主义青年团
啦啦队,拉拉队
印尼,印度尼西亚
rh,铑
人民广场,上海人民广场
云苓,茯苓
下田,下田市
目连,目犍连
MIUI8,MIUI 8
modal,莫代尔
文胸,胸罩
老五,刘义军
中纪委,中国共产党中央纪律检查委员会
董总,马来西亚华校董事联合会总会
jp,太平绅士
eminem,埃米纳姆
张航,养鸡
阿迪达斯,adidas
姓要,要姓
film,拉塔浦・朵空萨
绿城,南京
地下通道,地下铁
哥哥妹妹,JS
朔州市,朔州
邴,邴姓
田七,三七
克鲁斯,马克斯・克鲁泽
货贝,黄宝螺
杂多,杂多县
交强险,机动车交通事故责任强制保险
微断,微型断路器
卡普空,CAPCOM
多尔,托马斯・多尔
吕览,吕氏春秋
虹桥,虹桥镇
渡口,攀枝花
吉普,吉普车
工口,情色
Pad,胸垫
博白,博白县
老龄化,人口老龄化
近在咫尺,近在咫尺的爱恋
国营企业,国有企业
努尔,穆罕默德・努尔
qB,Q币
vIP,V.I.P.
情仇,色欲情仇
Mary,布鲁・玛丽
百色市,百色
芳烃,芳香烃
万方,万方数据库
D版,盗版
复合肥料,复合肥
吉林市,吉林
彪马,PUMA
木拉提,木拉提・阿地里江
西特,希特
word,Microsoft Office Word
IC,帝国理工学院
nh,b
三明市,三明
CV,航空母舰
罗湖,罗湖区
p2P,对等网络
Wp,Windows Phone
蒙古,蒙古国
海心,海鑫
七宝,七宝古镇
楚雄市,楚雄
icbc,中国工商银行
泰姬,阿姬曼・芭奴
揽胜,路虎揽胜
秃头,脱发
潍坊市,潍坊
炎魔,五河琴里
克劳福德,贾马尔・克劳福德
rav4,丰田RAV4
C1,C1驾驶证
DE,沙漠之鹰
狼籍,狼藉
和悦,江淮和悦
不成方圆,不以规矩，不能成方圆
合浦,合浦县
山地车,山地自行车
法塔赫,巴勒斯坦民族解放运动
街霸,街头霸王
龙文,龙文区
晋城市,晋城
新线,新线电影公司
餐饮企业,中国餐饮百强企业
金安,金安区
白城市,白城
月儿,高月
关公,关羽
昌平,昌平区
大通,大通回族土族自治县
orange,Orange Caramel
广西壮族自治区,广西
原配,元配
均线,移动平均线
白夜,白夜追凶
dy,镝
皇姑,皇姑区
上大,上海大学
Nick,尼克
侦探,侦探：TheBeginning
纠缠,鬼迷心窍
VIp,V.I.P.
防城港市,防城港
push,普提查・克瑟辛
修文,修文县
倪,倪姓
供销社,中华全国供销合作总社
VOA,美国之音广播电台
ED,英雄传说
张敏华,张智敏
鸿门宴,鸿门宴传奇
开封市,开封
临夏,临夏回族自治州
卢卡斯,乔治・卢卡斯
酒驾,酒后驾驶
乌鲁木齐市,乌鲁木齐
第七日,第七天
弗利,凯文・弗利
Mate8,华为Mate8
艾斯,艾斯・奥特曼
Ld,镭射影碟
旧港,巨港
呢料,呢子
Vip,V.I.P.
鄂州市,鄂州
通化市,通化
奥赛,奥林匹克竞赛
慈溪市,慈溪
中国移动通信,中国移动通信集团有限公司
BS,B/S结构
优胜,优胜教育
H,华氏度
足协,足球协会
BBC,英国广播公司
布政使,承宣布政使
东沙,东沙群岛
DELL,戴尔公司
SGS,瑞士通用公证行
裂变,核裂变
,气
人在江湖,古惑仔之人在江湖
解放碑,重庆解放碑
宁河,宁河区
EZ,探险家
blog,博客
08,安培
戴尔,戴尔公司
指控,被控者
古剑,古剑奇谭
牛郎,牛郎星
噪声,噪音
关麓,关麓村
绩溪,绩溪县
David,克雷格・大卫
p2,车库惊魂
隆子,隆子县
五台,五台县
鬼会,大班会
保利,中国保利集团有限公司
太和,太和县
神农,炎帝
李薇薇,李微微
ms,微软
沈河,沈河区
晋中市,晋中
民和,民和回族土族自治县
罗平,罗平县
JOJO,乔纳森・乔斯达
布吉镇,布吉街道
扬州市,扬州
白银市,白银
北野,殷谦
服务程序,服务性程序
比利,比利・凯恩
行者,孙悟空
CPU,中央处理器
飞人,小超人帕门
式微,国风・邶风・式微
CPI,消费物价指数
bf,黑羽
win10,Windows 10
相助,帮助
成教,成人教育
坛经,六祖坛经
水哥,王昱珩
飞度,本田飞度
金土,琴・槌
神农架,神农架林区
织金,织金县
kong,萨哈拉・桑卡布理查
豆鼓,豆豉
永定,永定区
瑞典队,瑞典国家足球队
大荔,大荔县
常宁市,常宁
离石,离石区
451,451错误
hiphop,嘻哈
楚雄,楚雄彝族自治州
专升本,专升本考试
天佑,李天佑
易迅,易迅网
ETF,交易型开放式指数基金
商战,名门暗战
搭桥,心脏搭桥手术
呼兰,呼兰区
惠东,惠东县
格瓦拉,格瓦拉生活网
阿德勒,阿尔弗雷德・阿德勒
十三岁,芳龄十三
les,女同性恋
铁人,托尼・史塔克
鸟类,鸟纲
大鼎,西周大鼎
朱迪,朱迪・霍普斯
sj,Super Junior
Andrew,Andrew Charlie Gregson
公历,公元
昌黎,昌黎县
燕菜,洛阳燕菜
群马,群马县
洞口,洞口县
南油,深圳南油（集团）有限公司
凌志,雷克萨斯
iSO,国际标准化组织
费控,成本费用控制
苏军,苏联红军
乌海市,乌海
ra,类风湿关节炎
高会,高级会计师考试
洗发液,洗发水
优良作风,作风优良
党中央,中国共产党中央委员会
平和,平和县
安顺市,安顺
mate8,华为Mate8
蜀,四川
迷幻,恍惚
英德市,英德
鲁本斯,彼得・保罗・鲁本斯
吴嘉丽,吴家丽
港币,港元
闵行,闵行区
刨根问底,青少年警队
赵氏,赵姓
ā,安培
遂宁市,遂宁
question,问者
大关,大关县
小步,亚由
灌云,灌云县
开放市场,市场开放度
天胡,天和
裴,裴姓
á,安培
闵,闵姓
大厨,落魄大厨
两万五千里长征,长征
连江,连江县
横店,横店镇
枸橼酸,柠檬酸
卧龙,诸葛亮
地税局,地方税务局
中网,中国网球公开赛
巨石,道恩・强森
福山,福山区
G20,20国集团
李杰,李晔
红莲,赤练
正月十五,元宵节
改车,改装车
嘉陵,嘉陵区
塔城,塔城地区
PU,聚氨酯材料
陈阳,晨阳
games,游戏
公安部,中华人民共和国公安部
嫌疑人,疑犯追踪
李锋,李丞峰
临沂市,临沂
PET,聚对苯二甲酸乙二醇酯
淄博市,淄博
万二蚊,万绮雯
郴州市,郴州
老梁,梁宏达
sara,姜世花
平谷,平谷区
国信,国信证券股份有限公司
五河,五河县
南川,南川区
mate7,华为Mate7
左丘,左丘姓
国家电网,国家电网有限公司
邵,邵姓
à,安培
主席令,中华人民共和国主席令
港剧,香港电视剧
前怕狼后怕虎,前怕狼，后怕虎
西乡,西乡县
思锐,比亚迪思锐
gay,男同性恋
高比,科比・布莱恩特
lp,线性规划
Huawei,华为技术有限公司
群面,无领导小组讨论
东营市,东营
现货交易,即期外汇交易
汉沽,汉沽区
央企,中央企业
监视,监视者们
库里,斯蒂芬・库里
14k,十四K
鸵鸟,非洲鸵鸟
瑞文,放逐之刃
渭南市,渭南
南关,南关区
安阳市,安阳
ICBC,中国工商银行
赚米,米赚
gd,G-DRAGON
平遥,平遥县
贝儿,陆雨萱
一飞冲天,我是机器人
优秀团员,优秀共青团员
IPhone7Plus,iPhone 7 Plus
闯荡江湖,出位江湖
天动,朴尚玄
苏果,苏果超市
k2,THE K2
陇西,陇西县
佟,佟姓
