一来二往,1
刘绍棠,1
算平,1
卸妆,1
下才行,1
五二,1
用太高,1
栀子,1
此台,1
中忠,1
装下,1
石锅,1
无卡购,1
借和贷,1
num1a89cnumenuma6f2fnumb,1
得梦到,1
单选,1
淳,1
王中王,1
兒微,1
盛涛,1
图超,1
二谢,1
肆仟,1
方何,1
贷不批,1
币众,1
取前,1
398.25,1
待块,1
杌,1
边分,1
偶是,1
郑小月,1
应进,1
梦少,1
汇划,1
定者,1
噶哈,1
怏捷,1
侯旭,1
额想,1
记未,1
給力,1
zounum,1
参天大树,1
特冷,1
这屁,1
说代款,1
快嘿,1
个体老板,1
张炜,1
怅然若失,1
elephant,1
714.8,1
反华,1
朱大,1
六时,1
一试功,1
杨景勇,1
隔人,1
V3PuW,1
子儿,1
滚尼,1
大年夜,1
失措,1
查行,1
百五十,1
tete,1
473.73,1
222mbq,1
货装,1
那省,1
DIY,1
微辣货,1
猜不着,1
离死,1
4o00,1
优厚,1
新查,1
严惩,1
确后,1
开事贷,1
微立立,1
斯数,1
真信查,1
撒里,1
粮袋,1
勐,1
从业人员,1
有准,1
第四轮,1
一肚子气,1
链城,1
一妈,1
杂哈能,1
补辦,1
我大不开,1
知贷,1
关清,1
俄而建,1
20l7,1
考仪,1
没及,1
净息,1
口氣,1
以货,1
露头,1
五声,1
吊子,1
马云贷,1
靜下心,1
迎伺,1
炸开,1
question,1
用现,1
炒白,1
妹咯,1
百分之四十,1
再細些,1
明因,1
第三集,1
不爱后,1
几時會,1
朝红路,1
垓,1
群请,1
知格受,1
打鬼,1
什條件,1
过种,1
单干,1
Wxer321,1
哪页,1
鮮,1
存太多,1
女守,1
为元,1
最底代,1
复康,1
胡玩发,1
狗皮膏药,1
打未,1
金穗,1
刘学象,1
联平,1
未填错,1
划破,1
Over,1
相好,1
背错,1
买庄,1
张红,1
hhtl,1
做官,1
才智,1
家福贷,1
专克,1
强开收,1
貸業務,1
黄迅,1
率来,1
取小,1
貸不見,1
降落伞,1
60.54,1
提條件,1
签章,1
饿护额,1
多厚周,1
多正,1
自找苦吃,1
讦,1
曲道,1
会评,1
往挂,1
微窗,1
,1
旅馆,1
太然,1
┣,1
后变,1
但痒,1
跨部门,1
本会,1
下娟,1
贷提,1
张林阔,1
二雨,1
位移,1
总度,1
曾伟生,1
iPadmini,1
东北菜,1
朱金,1
厚后,1
曹科,1
提一毛,1
梅如广,1
超网,1
大关,1
摈子,1
75.28,1
单新卡,1
光看,1
116.6,1
高歌一曲,1
成华欣美,1
德保县,1
杧,1
财是,1
生乞,1
R4xL7PL,1
苏派琦,1
還沒有額,1
求操,1
个申,1
促步,1
赛事,1
跨入,1
曜,1
技術員,1
不克款,1
看剩,1
点焊,1
那间,1
小步,1
打滚,1
一千二百元,1
流行歌曲,1
按粒,1
黄飞,1
收药,1
基础课,1
能進,1
关主号,1
法流,1
俞总,1
希旨,1
改不来,1
他额,1
正佳时,1
货借教,1
本比,1
元入,1
老房子,1
人称,1
栏点,1
晋江,1
额虐,1
多计,1
赈微,1
自后,1
试来,1
哪算,1
合服,1
卖微,1
已售,1
二十时,1
將開,1
时耐,1
还真好,1
17.38,1
借柱,1
詹素丽,1
灌云,1
dEVhXBz,1
救猫,1
犹存,1
出场费,1
信息部,1
fiddler,1
飞来横祸,1
过别,1
經,1
卡中会,1
万不看,1
信及,1
存亡,1
686.4,1
wA,1
韩庚,1
900O,1
去败,1
乞求,1
秉烛,1
vFZWb656ua,1
借工招,1
升金,1
孑然一身,1
分久点,1
我万会,1
魑魅魍魉,1
零五乘,1
10.75,1
打正,1
镇压,1
刑罚,1
号玛,1
lj,1
提格,1
能還,1
开放市场,1
笨昂,1
失血过多,1
月白,1
逐风者,1
以现,1
行滴,1
冷多,1
必需品,1
祝新,1
294.72,1
敬酒,1
中新里,1
钤,1
容貌,1
烤熟,1
天胡,1
赌狗,1
福福福,1
玩利贷,1
专进,1
绑解,1
李显龙,1
有舍,1
笑了起来,1
利到,1
人贩子,1
xxxxxx,1
会替,1
三相,1
裴,1
想次,1
会戌为,1
后久,1
局去,1
á,1
竞争对手,1
吃饭钱,1
를,1
话涯,1
李雅馨,1
开卡用,1
696.50,1
态贷,1
20Q,1
总转,1
赵丽,1
取現,1
临额否,1
内右,1
卡量,1
num.59,1
计日计,1
贷清,1
现买现卖,1
辞岁,1
42.6,1
有禮,1
sgT8vM96YX,1
速查,1
曾贷,1
永康,1
候都,1
插尼咪,1
获徨,1
382,1
杂改,1
失嫂,1
多邦定,1
领暗,1
连饭,1
鼠来宝,1
收不付,1
分尸,1
2l,1
太费近,1
一龙条,1
马桂,1
许雨欣,1
周转期,1
信全,1
kuanshib,1
马死,1
有待于,1
笨牛,1
YEAXIV,1
鸯,1
几睡,1
管爹,1
撒嘛,1
重久神,1
形家,1
闵,1
水要,1
不无,1
g5OTa3,1
葛文,1
大厨,1
170.8,1
百分之四,1
昀,1
需盖,1
木哟,1
180.86,1
最亮,1
电源开关,1
奇数,1
面带笑容,1
怎不来,1
体填错,1
共未,1
拆马,1
ᮊ,1
丫儿,1
辅导员,1
朋了,1
趸,1
每本,1
两万五千里长征,1
向背,1
末尾数,1
有益于,1
抽额,1
提供线索,1
每扣,1
祝顺,1
售卖机,1
dig400,1
可低,1
粒声,1
奔驰公司,1
凌晨时分,1
胡海兵,1
CCD,1
净土,1
水浒传,1
但話,1
按信,1
多汁,1
小才,1
551.48,1
街铺,1
别叨,1
蕤颥,1
外久,1
8A,1
恨恶,1
num7dnumdd7e4c536bdbae4e352,1
资桩,1
试单,1
但木,1
上瘤,1
79.69,1
保健品,1
连江,1
扣不出,1
传款,1
横店,1
心虚,1
少笔,1
利真,1
难带,1
枸橼酸,1
042,1
圻,1
黄焖,1
刮到,1
恩会,1
后天性,1
阳间,1
邀爷,1
ucsc,1
458.36,1
骏马,1
14.00,1
還怎樣,1
果好,1
整户,1
如人,1
lyjnum,1
QQ14,1
演示版,1
卧龙,1
沽,1
富江,1
体工,1
拚,1
黄瑞春,1
xiex,1
i6,1
茁颈头,1
钢制,1
李剛,1
实效性,1
三丝,1
富态,1
添油加醋,1
我舍,1
训诲,1
radishnum,1
双肩,1
哥买,1
地税局,1
weile,1
中网,1
留微信,1
扫二,1
巨石,1
人如,1
曲线图,1
打清款,1
喽亲,1
7E82,1
钱鲁,1
钮行,1
福山,1
受益匪浅,1
G20,1
握个,1
关借,1
李杰,1
我增,1
保不定,1
红莲,1
谭咏麟,1
信办,1
貸图標,1
手输,1
愁得,1
欧特,1
饱含,1
嘁,1
真看,1
哥贷,1
共蠢,1
14.9,1
没治,1
梦强,1
无码,1
代怎麼,1
武志锴,1
徐长贵,1
先者,1
还近,1
笔来,1
今年以来,1
脱款,1
快满了,1
吃快餐,1
问小请,1
招气,1
赔强,1
内可分,1
白微信,1
对来,1
贷什麼,1
酒泉,1
天涯共此时,1
耗电,1
收期费,1
膏粱,1
微浮贷,1
三墩,1
杂莫有,1
逼叨,1
那片,1
提石,1
获徉,1
蜜袋,1
经挺久,1
给果,1
立功,1
近排,1
伤心落泪,1
狗货,1
发可,1
很排,1
18.28,1
MTc1MTY5MDk4MA%,1
拨进,1
百条,1
安远县,1
遨游,1
一改,1
8.44,1
土贼,1
极乐,1
伫,1
正月十五,1
贷买,1
微料代,1
擀面,1
查徽,1
算面,1
疏漏,1
退呐,1
肖强,1
317.5,1
什走,1
徽装贷,1
选借,1
帮贫,1
血柱,1
我球球,1
成宏,1
逼水,1
回波,1
脑袋瓜子,1
被保险人,1
统一性,1
完卡借,1
肝病,1
干彩,1
国鑫,1
检到,1
汪冰查,1
藤多,1
彔,1
你宗影,1
成一,1
接不来,1
改车,1
邻用,1
酪,1
蒸食,1
最边,1
黄国栋,1
鸡丝,1
好关,1
偵,1
找卡,1
扎个,1
已序入,1
只进,1
时有发生,1
方钱,1
想降,1
再美,1
21.24,1
提不钱,1
贷杂,1
山峰,1
doOafMA1eXB1xXXGdYP,1
包邮送,1
COE,1
出招,1
输给,1
细末,1
R5Sy1Rg35,1
yishenqingma,1
赤岗,1
整什,1
三两,1
变宽,1
办带,1
一肖猪,1
硬箱,1
265.50,1
下才会,1
导致系统,1
关耳,1
645.59,1
装璜,1
要十么,1
陀斯妥,1
用波,1
四干,1
棕黑,1
买人价,1
乍下,1
姐狂,1
姚安县,1
罰金,1
高步,1
把酒,1
天用,1
游折,1
科尼斯,1
略差,1
方去,1
镶嵌,1
冤冤相报,1
偉粒貸,1
这持,1
疣,1
纤维,1
快易金,1
实下,1
成灰,1
fashion,1
传证信,1
先划,1
行诈,1
渎,1
没反现,1
全唐,1
能調,1
bukx,1
目迟,1
渣滓,1
回冲,1
福禄寿,1
袋分,1
原国兵,1
样货贷,1
哥求,1
码审,1
市价,1
滔不绝,1
例举,1
论点,1
从样,1
843.00,1
分长点,1
可鄙,1
师多,1
川佰,1
带快,1
邀试,1
向尔,1
鸿沟,1
387.98,1
牛油,1
忍作,1
牑,1
塞林,1
有罚,1
拆迁房,1
贺礼,1
拒人千里,1
而领,1
娴熟,1
应诉,1
梁敏,1
迎头,1
这多能,1
辦得,1
牢核,1
不次,1
信店,1
加刑,1
独往,1
不裸贷,1
呤,1
只想少,1
哇忑,1
敝,1
283.9,1
上些,1
6O,1
涨动,1
董先森,1
同生,1
mwtjhl,1
南鸟,1
五钻齐,1
漫长岁月,1
嘉陵,1
那娜,1
焊接,1
造贷,1
年成,1
几受,1
变牛,1
起书,1
荣获,1
周没人,1
我轮,1
个次,1
梁上,1
AAXkSusv,1
要花够,1
顶天,1
户儿,1
现账,1
发期,1
强如多,1
麻币,1
犹取,1
次此,1
塔城,1
人道,1
上寸,1
愉借,1
泡湘電,1
拆诉,1
點後才,1
眸光,1
首月利,1
伤怀,1
安月数,1
M9Txks11wQUR,1
677.88,1
关外,1
考是,1
代介,1
三管齐下,1
装摸,1
虚席以待,1
PU,1
溪静,1
什下,1
憋闷,1
初设,1
蔡艳平,1
缘分已尽,1
分本加,1
听西,1
空次,1
条幅,1
出刚,1
羊开泰,1
从后,1
拨乱,1
比列算,1
因绑,1
赵依楠,1
审用,1
文生,1
冒待,1
没开微,1
松花,1
装帐,1
看部,1
白百何,1
屡试,1
无复,1
错扣,1
不太样,1
津津,1
张传昭,1
tubi,1
赖行,1
陈联兴,1
湘湖,1
整就,1
额事,1
只会开,1
,1
咱不给,1
旅游景点,1
猪手,1
不押,1
不购,1
叶尚锐,1
挫人,1
高当,1
153.5,1
晕气,1
萌得,1
传周,1
gp,1
014,1
vntgcfl,1
进院,1
更新快,1
FS590,1
顽强,1
分齐,1
别响,1
账怕,1
套卡上,1
集镇,1
外瑞玛奇,1
远选,1
价签,1
先仅,1
颁奖,1
借氣,1
荥阳,1
次代款,1
肄,1
帶貸,1
贷四,1
巜,1
这红能,1
你策,1
孙晓会,1
申办人,1
陈阳,1
linkage,1
李许磊,1
巡,1
入轻,1
校友会,1
卡未够,1
爆额,1
职能部门,1
馋猫,1
英行,1
呕吼,1
已經換,1
寄件人,1
qznum,1
就会用,1
weishenm,1
吴东保,1
会大些,1
需办何,1
袁新,1
解索,1
基咯,1
壹存,1
接不钱,1
我摸会,1
算首,1
马日,1
退除,1
人不爱受,1
自讨没趣,1
王会勇,1
宝能,1
名系发,1
取词,1
货久,1
能寄到,1
危丽贷,1
老不长,1
longlongtianqi,1
内刷满,1
简比,1
倒像,1
還請款,1
mo9,1
刚拿微,1
要句,1
久算,1
怎莫能,1
比拉,1
Rcqa351,1
焲,1
查月,1
七角,1
TKjoTJ,1
老酒,1
网断,1
礼服,1
刚伸,1
弯曲,1
肾个,1
开啟,1
换新卡前,1
泥泞,1
games,1
左一内,1
沒姿格,1
songfuwu,1
高新科技,1
咉,1
钱為,1
srcid,1
贵失,1
明厅,1
WA,1
庄子,1
治标,1
听腻,1
邀庆,1
低得,1
g5MS9X,1
12G35,1
一图,1
评沽中,1
水燕,1
木瓜,1
大聊落,1
卖快,1
赞得,1
参加考试,1
HBNNnum,1
复个,1
iOS6.3,1
昝星,1
首月贷,1
hoh,1
存工,1
诸国,1
雪要,1
好礼假,1
宝庆金,1
公安部,1
好上加好,1
新卡办,1
以得,1
18.41,1
黎嘉玲,1
孽缘,1
第十二条,1
16G,1
NQK088,1
肌瘤,1
骚老,1
99%,1
佳能,1
学校地址,1
典请,1
人有徽,1
李万,1
偶想,1
HSOSM820Di44,1
七七八八,1
扣现,1
跨离,1
身负,1
多巴胺,1
当起,1
同融,1
滕讯,1
嫌疑人,1
塞哇,1
GF5wRy37Ca,1
批少,1
2.3%,1
卡造,1
亲欠,1
CUSTOMER,1
免下,1
我歉,1
李锋,1
㕆,1
看人脸色,1
蒽酚,1
日堂,1
23QXFdnum,1
米利贷,1
令人担忧,1
顶瓜瓜,1
尋味,1
帐哩,1
超员,1
可邦,1
新张,1
得批,1
隨地,1
专下,1
老闪退,1
邓俊兴,1
礼单,1
房和车,1
几瓣,1
已取,1
万出,1
廖学儒,1
乔建,1
公平化,1
尖头,1
特別,1
贷米,1
借牌,1
身机,1
aGRhR0hXNTA3PntdfDEwMDk0Mg,1
决得,1
可三,1
df5c4addc3,1
破去,1
利济路,1
有情有义,1
汇福园,1
五松,1
返来,1
巫,1
一字悟,1
祭奠,1
动要,1
徝,1
退处,1
摆布,1
青铜,1
纸黄金,1
八辈子,1
杨微,1
epp,1
谭梅,1
278.2,1
鼎及,1
临沂市,1
连接器,1
据批,1
双夜,1
萌发,1
经去,1
060,1
num.84,1
多放点款,1
到袋,1
商调,1
可累记,1
里天,1
扬白,1
怕划,1
没钱行,1
阎总,1
关小,1
揭榜,1
纪示,1
ct,1
前带,1
否有,1
怎嘛贷,1
林熙竣,1
字带,1
接新,1
aGRhR0hXNTA3PntdfDEwMjI1MA,1
行金穗,1
答服,1
分组,1
变二,1
中接,1
天申核,1
二后,1
我断,1
粒鹅,1
破卵,1
付定金,1
打票,1
链正码,1
ದ,1
办微代,1
万充,1
我堤,1
换条,1
咫,1
揭露,1
五洞,1
叶问,1
借告,1
万设,1
投高,1
消赘,1
program,1
末响,1
扰害己,1
那帮能,1
时挂,1
挂账,1
撤袋,1
壹航城,1
半神,1
自么计,1
ADt2O3XjAS,1
没花用,1
工学院,1
强度,1
没简,1
外线,1
進展,1
diaoling555,1
敬重,1
朝人,1
握把,1
门牌号,1
带兵,1
内有款,1
款姐,1
太拼,1
成真,1
因事,1
帐法,1
万寿,1
明倒期,1
好极了,1
搭复,1
太耐,1
日国,1
PET,1
处花,1
那部,1
什货,1
管理条例,1
高呼,1
合纱,1
受贵,1
款什麼,1
待过,1
欠操,1
结满,1
76fed4,1
错肿,1
卵猫,1
机抢,1
咱不干,1
ZC5KGu,1
考好,1
面目,1
咱姐,1
拮,1
洗哈,1
失饮,1
恏,1
医费,1
淄博市,1
程倩,1
128.17,1
外测,1
货贷资,1
k0FxYu06Pe,1
XuRbDk462yaM,1
要次,1
借货未,1
请徽信,1
有才行,1
李乔轩,1
问们,1
首秀,1
QQ12,1
收服,1
价好,1
李堂,1
9b8dd0,1
卢布,1
dsM,1
你韶笔,1
算尽,1
腕豆,1
没交过,1
不白屏,1
十九个,1
胆草,1
4e8a,1
馅料,1
宽厚,1
开春,1
谢骏杰,1
万二蚊,1
凭什麼,1
numfnumenumfanumb66,1
不开尼,1
摔倒,1
寿星,1
細細,1
汤有健,1
扣费哈,1
我玖富,1
会久点,1
aiyy,1
十转,1
ruanjian203,1
血拼,1
来申,1
昭昭,1
肾请,1
阿炳,1
2zKqS7KF4TeLF82w7gvZdw,1
深夜里,1
存能,1
R4yuL6w,1
几两,1
天儿,1
郴州市,1
任伟,1
社会性,1
朩,1
代里代款,1
人肯,1
献祭,1
如原,1
沒月換,1
yJ6HnumLCV,1
数关,1
退休工人,1
徽微信,1
宗公,1
V2,1
numae,1
能罚,1
军绿色,1
粏,1
乱棍,1
7S,1
改不退,1
出结里,1
反上,1
来领,1
版图,1
开众合,1
老梁,1
家底,1
调问,1
特了,1
借二钱,1
个算个,1
搜微信,1
佺,1
饽饽,1
甘涛,1
tub,1
小妈生,1
事未,1
总局,1
大屎,1
利赎不回,1
sara,1
南无多,1
微密贷,1
4yue,1
你旦,1
出此,1
算货,1
黄了,1
近在眼前,1
other,1
进微代,1
舍事,1
现值,1
借由,1
展停,1
荣兴,1
欢度,1
疑议,1
subject,1
金链,1
OAuth2.0,1
该能,1
高唐,1
魏总魏,1
碰住,1
协,1
扣口,1
平谷,1
技术水平,1
没货粒,1
账未到,1
搜迪斯奈,1
宽大处理,1
凌点,1
哈鸡儿,1
收更贵,1
嗤之以鼻,1
书格,1
韩旭,1
叮嘱,1
点此,1
g90u2g,1
紐,1
元甘,1
幾還款,1
开逋,1
为节,1
尘,1
电话局,1
吟,1
鱼四佛,1
想弃,1
西死,1
国信,1
一十三,1
借不铁,1
matr9,1
根共,1
燕南,1
起换,1
808.13,1
with,1
huifangdianhua,1
之激,1
783,1
不银护,1
扣费少,1
080,1
无末,1
慎重处理,1
吹坏,1
蛉,1
myluweijian,1
生活区,1
损人不利己,1
头皮,1
不未,1
用己,1
货姿格,1
近格,1
众想享,1
看本,1
風險,1
xiaohao6o,1
更多微,1
这五种,1
昨不,1
硬网,1
单红,1
冻手,1
顿顿,1
支上,1
115.15,1
ctcLocked,1
雷霆之怒,1
现际,1
利窍,1
一件件,1
Dw3zW9,1
即系话,1
能拿个,1
我卡头,1
djz999,1
快长,1
正重,1
tgggcgigufjrctbtvdjfnybtehvgvgbrhtgtgghggghurjhh,1
冲不钱,1
非本机,1
ssssssssss,1
10.19,1
93B7,1
夜加,1
整百,1
随换款,1
RL,1
夜蒲,1
缠绕,1
面就点,1
开一哈子,1
留传,1
丢私,1
經在,1
到安卓,1
借五白,1
好新卡,1
以决,1
令人心寒,1
银员,1
头盔,1
num4eccnumf1f446eff7a6cb7db2bf83,1
win,1
主失,1
77.50,1
转家,1
后置,1
鑫鸿泰,1
num.52,1
开无,1
忘转,1
过用,1
四到,1
瑞额,1
咨洵,1
28.5,1
缴费卡,1
矛想,1
台坏,1
确钱,1
1.10,1
迟日,1
微信侧,1
书画,1
写真机,1
苏格,1
这哈子,1
元办,1
hnyzzx,1
离合器,1
累哟,1
少冲,1
佰迁,1
倒户,1
便项,1
此行,1
郭总,1
lla,1
魔化,1
代转,1
万丈高楼,1
民白,1
0PP0A31,1
269,1
同门,1
欠累,1
麻个,1
DQo,1
有感,1
表里,1
热电,1
万美金,1
黄鱼,1
现申通,1
找人代,1
清肝,1
500x0,1
抢掠,1
查买,1
贺建坤,1
阿魯,1
340.20,1
积活,1
李明聪,1
言尔有,1
说小余,1
镇值,1
返费,1
个验,1
亲民价,1
已标,1
现无,1
通么,1
强装,1
打美,1
祝传凯,1
QQ100,1
没删,1
五妙出,1
钱庄,1
faq,1
水遭,1
只征,1
设拦,1
然来,1
李正凯,1
内分次,1
钱卅,1
大丝,1
少至,1
狄总,1
装箱,1
风去,1
偿還,1
综含,1
雨大无风,1
开直,1
冲带,1
内部网,1
申记,1
走胀,1
易鑫,1
R5SygvI50,1
IOS8.0,1
升平,1
君亲,1
彼粒货,1
挺迟,1
绝接,1
繁花,1
Uv8ntn60Om,1
林伟镇,1
飞凡,1
五河,1
我主卡,1
openId,1
洗菜,1
我纲,1
手身,1
搶,1
年结,1
小吊,1
一山高,1
行非,1
七张,1
贺卫军,1
球门,1
卡滋性,1
0.99,1
650x0.05,1
顺后,1
抢下,1
我诺,1
宝和捷,1
江声,1
陈美云,1
exTI6c79C3uL,1
河心,1
码不发,1
226.5,1
晓光,1
顺祝,1
白借,1
倒头,1
泣代,1
原期,1
审抵,1
李晓艳,1
对默生,1
常磊,1
楼价,1
暖手,1
255.50,1
依法办事,1
家快,1
十欺,1
八九点钟,1
唐伦文,1
林清,1
带轮,1
哪上,1
折转,1
乘火车,1
南川,1
喂奶,1
操不给,1
如请,1
信福有,1
跳调,1
酒吾答,1
风带,1
四马开,1
亲不借,1
调职,1
陈本,1
之翼,1
目期,1
代泥,1
收极,1
为卅不给,1
不太成,1
涘,1
自作,1
微莉,1
要证,1
物万银来,1
辣酱,1
回阳救,1
借资后,1
马好,1
mate7,1
加后,1
潘冬梅,1
吉大贷,1
g4DC,1
多铃,1
口口相传,1
我卡解,1
中支,1
馈赠,1
微粹,1
验明,1
左丘,1
汤饭,1
毕要,1
小护士,1
充扣币,1
一个班,1
刁暴,1
299.55,1
俱佳,1
还卵,1
未爱过,1
全金属,1
僅,1
绝证,1
货资悸,1
汇错,1
归回,1
按序,1
根改,1
回看,1
货得款,1
剛忙,1
友悦,1
18.00,1
背背佳,1
无代款,1
选责,1
跳返,1
846.10,1
周雨惜,1
一不看,1
少不得,1
有速,1
10.15,1
找不带,1
余未,1
要券额,1
FYPUdC913EAA,1
柴泽伟,1
什呀,1
没一成,1
侉,1
看准,1
厥,1
雀儿,1
RXys5M9,1
祈望,1
火死,1
国家电网,1
委未,1
裝修,1
排要,1
敲墙,1
供敢,1
微莉带,1
优蕙券,1
不升单,1
摩友,1
48.5,1
包工头,1
周林锋,1
中得,1
工章,1
470.93,1
还痛,1
邵,1
rocmYwRYfiCuugwkaADgww,1
脑肝,1
贷卅不贷,1
要儿,1
稻草,1
第二声,1
交侍,1
里童,1
慢速度,1
时充,1
出应,1
深目国,1
帮发个,1
HQTPwb86c5uT,1
不加行,1
王锡掌,1
因刚,1
fmhxhgdufhddfgxgxgjhxjjxxgxgchhdcjsjbxghjdhgdgxhdhxjdhjxjdixdjcijxhxjchchhxgdhxjhdhxbxkxjhhhbdhcjbxjchrhhfghhdhdhxbokjvbjvhbjnm,1
abt,1
靳总,1
靖江,1
顺景,1
à,1
当比,1
微標,1
可循,1
抬低,1
怎没全,1
百六,1
来账,1
拉不拉,1
1W4,1
RSFkDMzhttp,1
春去秋来,1
95.8,1
主席令,1
网络系统,1
益生菌,1
工起,1
囙,1
忘记掉,1
哪得,1
幹嘛貸,1
李师,1
想款,1
总闹,1
贡过,1
送卡卷,1
審批麼,1
彩开,1
点节款,1
很怕,1
四仟伍,1
水果店,1
走转,1
张倩,1
食忙,1
用肿,1
安月付,1
家服,1
货作,1
越不愿,1
chengnum,1
公务人员,1
转扣,1
无懒,1
微别,1
丛好,1
活期储蓄,1
一晃而过,1
岛貌,1
侈影,1
立西,1
合为一体,1
rtyoool,1
微赖贷,1
丫呀,1
单全,1
第二世界,1
小出,1
num.37,1
急命,1
同通,1
对放,1
榜后,1
零晨要,1
时带,1
張,1
捐资助学,1
一偏,1
任达来,1
压岁,1
余琪,1
江磊,1
黑金,1
傻草,1
商口,1
以後買房,1
宋总,1
潘志贤,1
肯斯,1
渭滨,1
㘎,1
苏伟,1
数里,1
拖线期,1
万可分,1
蓝凯,1
钱升,1
起誓,1
脂,1
我想导,1
勇者,1
从徽,1
次无接,1
转不起款,1
张丽借,1
董利洁,1
947.63,1
求点,1
货谢,1
衖,1
微博好,1
279.6,1
花店,1
天弘卡,1
指甲油,1
年入,1
可治,1
祝行,1
心安理得,1
不免有些,1
前夫,1
主机名,1
24.45,1
可输,1
旺大穷,1
缩到,1
viewthread,1
本周一,1
7pius,1
办微立,1
洨,1
逮貸,1
价额,1
太刚,1
尔不愿,1
你伟,1
奔旦,1
锦绣,1
老坛,1
港剧,1
再贵,1
牵住,1
只邦定,1
前怕狼后怕虎,1
国号,1
进如微,1
桥梁,1
根好,1
送教,1
重连,1
豆芽,1
饿极了,1
我則,1
899e,1
粒多会,1
因旧,1
陆丽,1
别赖,1
没冲值,1
405.80,1
噶命,1
算该,1
再侣,1
还会加,1
没通开,1
毛虫,1
nihao,1
鸡毛信,1
徐妹,1
经人介绍,1
越强,1
参考价值,1
R6hV6E3,1
日化,1
wril,1
R5SymcZ20,1
塘厦镇,1
igRI7T11H4ax,1
机钱,1
手东,1
总等,1
初恋女友,1
良药,1
慢一拍,1
元快,1
云会,1
古德,1
王翔文,1
分贷,1
搞卡用,1
电贷,1
无人过问,1
阴器,1
借时点,1
matd9,1
大转,1
可然,1
移入,1
浮游,1
忽忧人,1
淡茗,1
会象,1
退账,1
小微同,1
陈翠翠,1
锁好,1
飘起,1
头孢,1
45.23,1
黯然神伤,1
低急,1
你平,1
R4y0ueU,1
系到,1
星后,1
不花用,1
西域,1
样手,1
车放,1
测消,1
碰掉,1
而亡,1
帶息,1
咯遇,1
我西要,1
获额额,1
藿香,1
乐宝袋,1
度降,1
indexQQ,1
限取,1
慨当以慷,1
发洗,1
想点款,1
喝来,1
工薪层,1
訴,1
375.5,1
西乡,1
出费,1
只以,1
孔儿,1
aajuntu8,1
貸預,1
借十萬,1
以何会,1
怕事,1
万直,1
貸拉,1
同刚,1
急诊,1
测一测,1
增支,1
维保贷,1
多赞能,1
电刻,1
准贷,1
cgwkxM,1
较真,1
082,1
多色,1
想代高,1
姑奶奶,1
小糖,1
宵衣旰食,1
打比开,1
地微信,1
微里貸,1
受赂,1
旧事,1
只争,1
询价,1
天线,1
理嘛,1
火冒三丈,1
重查,1
不公平性,1
肘久,1
夏斌,1
罪案,1
隆金,1
货有何,1
潮加肥,1
连输错,1
53.70,1
第十条,1
圏,1
情根,1
weishenmo,1
变要,1
喝牛奶,1
那变,1
起才,1
咱开戶,1
chug,1
思锐,1
好弟,1
我算贷,1
微和贷,1
开齐,1
北京路,1
窗囗了,1
卡无钱,1
浓精,1
喝了酒,1
rz,1
福嘛,1
曾张,1
上心,1
错路,1
姜对,1
顶告,1
上该,1
许多路,1
雉,1
煌,1
管儿,1
强制手段,1
贾夫纳,1
实先扣,1
郭雪,1
南河,1
甲鱼,1
笑話,1
业线,1
178.45,1
阻燃,1
盛华,1
放薪贷,1
万額度,1
补余,1
旅游费,1
定型,1
击倒,1
若敢,1
货调额,1
全部记,1
进井,1
油厂,1
富翁,1
吴兵兵,1
gay,1
去证,1
44.14,1
高比,1
龙耀生,1
做多袋,1
吃枣,1
崩潰,1
中枢,1
bolezdb,1
检,1
取过,1
书奎,1
加回去,1
惨不忍睹,1
最架世,1
款环,1
见信,1
一族,1
负合,1
九牛一毛,1
讥讽,1
张哲,1
街市,1
之後有,1
号切,1
黄小玲,1
办管,1
核未,1
有淡,1
kaifang,1
lp,1
RSKCbd8http,1
編輯,1
个屋,1
我聲,1
柳字,1
妈乐,1
偏门,1
掐灭,1
雷打不动,1
富民,1
额开,1
没下贷,1
汇知,1
怎转卡,1
但笔,1
理钱,1
83.65,1
干码,1
如平,1
两哈,1
无人管,1
滑爽,1
千加,1
颜面,1
额代,1
戒狂,1
补统,1
多会升,1
杨素,1
周微信,1
扬眉吐气,1
借不老,1
弃坑,1
感同身受,1
十公分,1
段伟,1
刨花,1
天朗气清,1
想理,1
錢給,1
北勇,1
出难,1
修有,1
218.8,1
舍予,1
能廷期,1
中田,1
复盖,1
確,1
洗衣粉,1
拿样,1
偏强,1
好平,1
日尼,1
咱有,1
疏,1
好好先生,1
滴款,1
炊,1
我共供,1
安有,1
去速,1
你入,1
结案,1
偏执,1
煮汤,1
丐乃钱,1
咯五咯,1
转说,1
钱绘,1
21.50,1
搜租,1
有管,1
181.50,1
剛我,1
豁邀,1
退理,1
老鹰,1
束缚,1
监时,1
问下额,1
净收入,1
百色地区,1
242.40,1
具然,1
钱算部,1
紫园,1
益正,1
追女生,1
图本,1
Huawei,1
顾文,1
满族,1
哥武恩,1
马云够,1
growth,1
急息,1
从扣,1
现机,1
旧框框,1
祷告,1
特么坏,1
血泪史,1
咨训,1
地静,1
一二日,1
肉质,1
陆沛明,1
遊戲,1
开不聊,1
群面,1
大加,1
黄巷,1
东营市,1
没飞,1
养牛,1
这內,1
我卓天,1
没人味,1
微代米,1
扣新,1
R4L34q0,1
速配,1
失便,1
马到成功,1
高交,1
惊醒,1
有问有答,1
滚借,1
探店,1
平车,1
用刑,1
第十一条,1
冒认,1
841,1
张才,1
熟系,1
扣个,1
㎎,1
内必,1
出接,1
素菜,1
下一阶段,1
shoujihao,1
天来计,1
滚之北,1
写者,1
取嘛,1
输下,1
后顾之忧,1
借宝贷,1
腩,1
節娟,1
那加分,1
人烟稀少,1
稳定期,1
W5qxUy013lAb,1
委约,1
巫咸国,1
老邈,1
找別,1
三十八,1
扣會產生,1
峨眉山,1
吴杰,1
抓住机会,1
滑板鞋,1
偷期,1
没钱数,1
没讲付,1
摆在面前,1
二女儿,1
真某,1
刀山火海,1
WiCOdY,1
不发贷,1
刘海,1
揣进,1
很挤,1
咖贷,1
要邦订,1
忘存够,1
一笑而过,1
分管,1
天寒地冻,1
一夏下,1
挑整,1
忠话,1
受众面,1
3.41,1
自传,1
796.5,1
再播,1
妈管,1
银硕,1
唐国,1
润肤油,1
五系,1
无粒货,1
超近,1
死党,1
賀電,1
汉中,1
切客,1
盘古,1
张宏,1
被解,1
尼奥,1
前求,1
李震,1
身居高位,1
一刻千金,1
拜把子,1
候娘养,1
裴福,1
连该,1
日式,1
猴语,1
会留,1
汇下,1
应剩,1
故而,1
不哈酒,1
现货交易,1
奵,1
岐贷,1
肖湘康,1
物美,1
消费型,1
清寺,1
胡敬轩,1
这不上,1
滕整,1
繼请,1
pfsegrthrtfh,1
闪送,1
没滋铁,1
带里,1
取其,1
无工,1
起接,1
小则,1
huambuliao,1
牛明霞,1
人会用,1
主功,1
我式,1
瓞,1
破地,1
多添衣,1
什也贷,1
仲要,1
11.41,1
负败,1
饶铭,1
肖生,1
哥哈,1
人身权利,1
打忑来,1
聊以自慰,1
huaik,1
富而骄,1
券去,1
奴家,1
财道,1
回荡,1
这鸡,1
富滇卡,1
悠久,1
改返款,1
有小微,1
为利贷,1
支询,1
面都,1
270O,1
刷上来,1
微方,1
自首,1
干叨,1
会口,1
三厂,1
因因,1
额应,1
沿军,1
三亿,1
大不来,1
锯,1
迪吧,1
微拂贷,1
Xvqgf9,1
爱点,1
路代,1
棕花,1
不甘落后,1
10.35,1
严查,1
美形,1
码多,1
向昱,1
gjnum,1
侍候,1
返丫,1
昨货,1
带码,1
汉沽,1
拉双擎,1
劫难,1
開車,1
汇在,1
鼓荡,1
爱情真,1
cId,1
重要讲话,1
怎玩起,1
苹古,1
真穷,1
參透,1
哪街,1
央企,1
操不死,1
查宗合,1
息本,1
虐下,1
你物,1
没普,1
并非如此,1
4.53,1
专栏,1
期则,1
黛眉长,1
防范措施,1
广卡,1
徐韬,1
ಆ,1
日晒,1
黑使,1
开毛,1
会算息,1
乜有,1
秦总,1
哪社,1
字里行间,1
我激,1
天会失,1
未定,1
gz,1
累款,1
算低,1
微贷信,1
友悌,1
尤辉,1
伴过,1
用里,1
D333,1
我昕姐,1
齐下,1
下点款,1
热文,1
姚有,1
日员,1
开得开,1
大衣,1
韩非,1
统用,1
現正還,1
帮带,1
客粒,1
R4x2DQo,1
主定,1
开至,1
62a592cnumac225b8e4dd5a4a8fc672,1
赶存,1
阿想,1
监视,1
款出,1
至理,1
王涛,1
魏利代,1
Apache,1
不载,1
治本,1
键后,1
神精癌,1
提生点,1
毛不接,1
別期,1
结浅,1
刘一凡,1
拥堵,1
贷亥,1
眉山,1
天不应,1
guoqu,1
美借,1
关键在于,1
户后,1
库里,1
系什样,1
偷款,1
遭人轮,1
dvcfvxxccvvcccccccccccccc,1
万鸡儿,1
2f0ad18d141enumf3dnumc873cnumf30fcc0cnumbnumb0acnumf70ace43dde47d1cnumf478f0,1
超于,1
真常,1
连一毛,1
鲜章,1
多不响,1
本带息,1
第三年,1
buluo,1
收道,1
14k,1
得交多,1
鸵鸟,1
秦东,1
见报,1
完孩,1
1d7ef1,1
卡再,1
bw2,1
纹平,1
工程车,1
我尼外,1
盗者,1
人泊,1
投日,1
那部漏,1
雇员,1
R4UM2Kc,1
用谢,1
炉头,1
例大,1
珍宝,1
红烛,1
卡效,1
偿还日,1
普愿,1
瑞要,1
qq90,1
Pgtag,1
乘用车,1
涨里,1
၏,1
这想,1
几夭,1
共总,1
证记,1
今宵,1
风越,1
嫩子,1
奖劢,1
微王,1
如火如荼,1
算请,1
时微,1
我來,1
分幾筆,1
左去,1
何诗,1
麻袋,1
未核,1
j0p4z184Tge0,1
qbox,1
319,1
牌路,1
情狂,1
数据网络,1
打天下,1
物燥,1
十六家,1
绑回来,1
锁联,1
还算款,1
勒索钱财,1
提中,1
灌区,1
进走,1
∏,1
一览表,1
两鬓,1
借不收,1
过不鸟,1
R5SyN6p14,1
有额宝,1
想人,1
完新卡,1
信手,1
瑞文,1
奖卷,1
发一快,1
否会,1
武备,1
900.234,1
孔无孔,1
农金宝,1
加前,1
警惕性,1
不堪回首,1
休眠,1
屁贷,1
咬了一口,1
呚,1
刘爱光,1
多張,1
54.63,1
佳钓尼,1
工次,1
开拜,1
茧,1
锒,1
波有,1
QK,1
唐山站,1
四对,1
货块,1
进无入,1
险要,1
大再,1
倯,1
尾卡己,1
按亲,1
瓦爱,1
代不起,1
秋雨,1
日会发,1
有凤,1
出大,1
下岗职工,1
色文,1
俾翻,1
003.5,1
不可言传,1
免费影视,1
黄洋,1
布望,1
清亮,1
25OO,1
计一息,1
刀口,1
收齐,1
泡泡糖,1
用通,1
打来确,1
event08,1
充实感,1
错关,1
沤,1
柯粒,1
王秋良,1
休先,1
乍货,1
加怕,1
庆生,1
谢不谢,1
步城主,1
测啥,1
众心,1
第一第二,1
分类管理,1
净身,1
总成绩,1
如卡,1
点多后,1
放慢,1
工帐,1
能外,1
改密碼,1
代但,1
夜归,1
直连,1
QIYo,1
充去,1
券券,1
渭南市,1
舵,1
锦瑟,1
喜题,1
张卡消,1
銀行查,1
脸老,1
退服服,1
RcbpHe7,1
PmCSqnume,1
问粒贷,1
村存,1
不帮人,1
215.50,1
贷接,1
真渣,1
inuin,1
贷卷,1
利刚,1
借供,1
犤,1
人币,1
连手,1
街面,1
快数,1
逐清,1
随星,1
记吸,1
飞花,1
减十,1
介得,1
谢总说,1
完余,1
过采,1
音频线,1
bL4VB,1
草米,1
跃期,1
添烦,1
进席,1
交呀,1
若需,1
屈是,1
林志,1
以來,1
确找,1
总群,1
关着,1
nicaifu,1
铁片,1
村官,1
后克,1
打户,1
监理,1
计足,1
p3D367xM,1
什没能,1
同饮,1
天久,1
低时,1
代年化,1
EFC,1
化境,1
白鳝,1
绵阳市,1
加返,1
需回,1
认借,1
四角,1
转八工,1
zs,1
寸屏,1
单批,1
试发,1
鱼铺,1
即江,1
沈核期,1
QQ5.9,1
垫材,1
卵嗦,1
臭粑,1
怎机,1
校友,1
移微,1
数百亿元,1
铁证如山,1
借玛,1
盗抢险,1
妖开,1
南关,1
顿饭,1
花子,1
半边天,1
黄花鱼,1
一把手,1
勃起,1
ben,1
沙溜,1
郊区,1
尚可,1
钱腻,1
年支,1
天元,1
非神,1
侧厚,1
赏及,1
可套,1
lolg,1
UsWXt8,1
原为,1
舒总,1
期需,1
上会来,1
钱接,1
情势,1
号证,1
吃嘿,1
成效,1
延迟时间,1
赚少,1
钱粒,1
巨作,1
瑶怀雅路,1
金耗,1
户式,1
免费发,1
徽拉代,1
做开,1
劰,1
点费,1
释疑,1
早安排,1
课以,1
比電話,1
代开薇,1
白乳胶,1
太近,1
果个,1
威尼斯,1
還能代,1
普便,1
hog,1
哪月,1
碼換,1
王力,1
偏颇,1
刘荣清,1
經輸,1
weilidaiw,1
hrEPhWjRK8,1
情非得已,1
我過,1
齐头并进,1
该当,1
求来通,1
捽,1
会系,1
咸鸭蛋,1
防寒,1
沙河,1
支付方,1
經扣,1
困景,1
提不不额,1
想声,1
借对,1
当爱已,1
洞穴,1
贫恪,1
石了,1
侯海,1
找度,1
归过,1
油爆,1
产业园,1
第二十五,1
忙记,1
五十八,1
移至,1
逆好,1
想马云,1
安阳市,1
知质,1
puR,1
近近,1
接片,1
遵律,1
ب,1
软价,1
抢萍果,1
邱泽超,1
死球,1
城西,1
9.07,1
小绿,1
因到,1
未登陆,1
zig,1
渡假,1
内见者,1
霸权,1
超毛,1
钱梦到,1
kaiww68,1
我实,1
額多要,1
热舞,1
真假难辨,1
美元兑,1
弹药,1
催急,1
当求,1
因提,1
提回来,1
找敏哥,1
snsa,1
Rc4LqlO,1
昨来,1
化期,1
num.178,1
陈俐,1
王玉琼,1
提末,1
纸字,1
爾,1
king,1
處理要,1
固收,1
什近,1
还举,1
配相,1
quanniuniu,1
我太五到,1
V7,1
坐拥,1
接往,1
改毛,1
ICBC,1
,1
教育化,1
开登,1
如此这般,1
再貸,1
牵牛,1
儿写,1
日未见,1
廿样,1
公上,1
会封,1
方知,1
氒,1
貸訥,1
福楼,1
何试,1
看不贝,1
网络课堂,1
行开,1
虚誉,1
下子,1
会利,1
输证码,1
这卡去,1
馋嘴,1
久怡,1
會現,1
我想轉,1
赚米,1
试置,1
图恩,1
卡瓦,1
什不激,1
郭伯平,1
省政府,1
主营,1
执迷不悟,1
买码,1
那卡换,1
随喜,1
什咯,1
钠,1
再时,1
钾及,1
355.08,1
名族,1
凱,1
gd,1
小到,1
比语,1
對象,1
一湖,1
整是,1
answer,1
户号,1
寝室,1
片加,1
利海诚,1
恼,1
百说,1
數字時,1
有断,1
龐宇傑,1
椎,1
tel,1
千办,1
带息付,1
刘屁,1
滚来滚去,1
裴庆,1
可卖,1
结号,1
暑假作业,1
雾天,1
率有,1
日零辰,1
微秘袋,1
812.4,1
梁总,1
貨應用,1
咋荻,1
宝塔区,1
付通换,1
出凛,1
中景,1
de9d32,1
一声不吭,1
107.95,1
这会来,1
盈续,1
自食其力,1
确放,1
万五太高,1
婚证,1
空洞洞,1
正气,1
末开,1
biao,1
卡余颌,1
戴亚森,1
产出,1
太呆,1
种会,1
筆微,1
下浮,1
绵旗,1
日计定,1
从代款,1
申平,1
违例,1
gaiguole,1
元输错,1
平遥,1
直拿着,1
拆建,1
APe,1
如粒,1
杨发勇,1
振样,1
能婕,1
有粒哥,1
youguan,1
答录机,1
mxx671,1
雾里,1
孙敏,1
叔公,1
属鸡,1
买碟,1
借錢點,1
热人,1
气势,1
阮籍,1
练证码,1
神君,1
蔷薇,1
总查,1
滿,1
货竹,1
批单,1
卷上,1
稳定增长,1
闻声,1
内似,1
通玩,1
免休,1
共犯,1
未聊,1
侯哥,1
今为,1
申請則,1
荷度,1
酱鸡,1
调涨,1
椄,1
专出,1
刚差,1
08j1G690s7ku,1
元昵,1
炜,1
晚礼服,1
李苹苹,1
2.39,1
中需,1
可也没有,1
顶楼,1
16kp7W36qYnw,1
亚白,1
实败,1
日落而息,1
小少,1
大橄要,1
下五,1
a26,1
lowB,1
出击,1
分两路,1
計款,1
台否,1
房山区,1
肖雅,1
晓锋,1
水火之中,1
磨死,1
景园,1
风吹日晒,1
伍天,1
男鞋,1
近天,1
贵哭,1
徐世宝,1
快许,1
交通规则,1
借瓢,1
芸,1
心货,1
財里,1
为珍,1
望亲,1
枫太大,1
89.26,1
ROOT,1
做文章,1
背理,1
抢包,1
星能,1
天杀,1
hxynum,1
石济,1
累取,1
张银卡,1
好几级,1
巾口入,1
个彪子,1
庀,1
有算预,1
往死草,1
精密,1
爱办,1
jian,1
限为,1
光完,1
能歹,1
微十对,1
贵重,1
思佳,1
张间,1
点任,1
办高,1
荒妙,1
仁川,1
荣总,1
mp3,1
,1
泸港通,1
动若脱兔,1
卓市,1
宣传片,1
头数,1
Wei,1
快遞,1
保出,1
不楼款,1
立急,1
陈运来,1
扎扎实实,1
狂人日记,1
见上帝,1
整足,1
众贷,1
嵇阵,1
门楼,1
贝儿,1
他玛,1
一飞冲天,1
偏心眼儿,1
邱春贤,1
明友息,1
玄妙,1
wx51fdf61c0de4ab0b,1
防办,1
李健玮,1
十句,1
累织,1
姚飞武,1
照看,1
iiii,1
X1HK,1
多不开,1
冬虫夏草,1
经话,1
妙语连珠,1
派出,1
番号,1
减轻负担,1
额微,1
日入,1
锻,1
四百三十元,1
病能,1
尤如,1
厚着脸皮,1
RcqOrJL,1
册子,1
困垫,1
一两分,1
尾利贷,1
包材,1
非用不可,1
OK1,1
127.5,1
FUCK,1
想交个,1
还倦,1
tomorrow,1
贷邀,1
渔岛,1
优秀团员,1
html4,1
联刚,1
放尼马个,1
卡奴,1
源太少,1
求包,1
客八,1
诳,1
全时,1
便民卡,1
全知料,1
多云,1
搜死花,1
天除,1
rengong,1
溜出来,1
代打来,1
还卡上,1
借别,1
庆红,1
订饭,1
受薇,1
二號,1
唐政,1
免年费,1
甄总,1
盆友们,1
今回,1
飞讯,1
净扯,1
没优,1
贷主,1
斗升,1
已代上,1
542,1
人人为我,1
龙林雄,1
伸试,1
每以,1
微离袋,1
郡王府,1
微杭粒贷,1
酒都,1
县政府,1
买发,1
读借,1
李金荣,1
刚冲进,1
杯额,1
常相,1
笔代款,1
notice,1
version,1
童話,1
760.67,1
藏光,1
如和堤,1
870.2,1
萝卜汤,1
见升,1
信回,1
倥偬,1
客服群,1
可冀,1
第四届,1
调频,1
中球秋,1
二十二点,1
能时,1
照接,1
涤,1
五脏六腑,1
五脏,1
左思右想,1
K0,1
2.12,1
白日梦,1
偏少,1
或贷,1
忙烦,1
没刻,1
哪远,1
似水流年,1
速卡,1
根骨,1
IPhone7Plus,1
痛心,1
概述,1
机后,1
闯荡江湖,1
根剧,1
论处,1
水务,1
对事,1
几器,1
少火,1
多伦县,1
拒之千里,1
touken,1
邓李海,1
噶哈擦噶噶发,1
灭顶之灾,1
编能,1
十之八九,1
aQ,1
代六,1
揭瓦,1
看不动,1
周内,1
徐凯,1
DVDvDVD,1
湿透,1
辱,1
黑店,1
等行,1
六字,1
操性,1
女好,1
提不额,1
zenmeban,1
过二能,1
转呐,1
吻题,1
怎莫记息,1
E3ORMdQ,1
非到,1
四两,1
坛子,1
福来,1
84ac950bnuma064fa793a1e79anumf,1
静亮,1
身体素质,1
7.12,1
侯到,1
牛咯,1
线到,1
哈炸,1
鸿源,1
秉钧,1
畅游,1
permit,1
位美人,1
很久罗,1
厌人,1
微乐待,1
可丰,1
必吃,1
哈鲁哭,1
,1
货不找,1
第十一,1
鸟屁,1
查留,1
特卡人,1
一百两百,1
张拉换,1
老法,1
过为例,1
天动,1
刘立娜,1
走向世界,1
队号,1
张亚豪,1
服等,1
挂关,1
减为,1
注上,1
长实,1
惠给,1
cvc,1
结绑,1
r0,1
远法,1
账压,1
方弃,1
個頭,1
還錢用,1
空旷旷,1
挑中,1
最棒滴,1
沃特,1
暴击,1
法入,1
世传,1
OWZD5j32x2,1
如命,1
送走,1
162.5,1
972.75,1
RcGH9zG,1
知微信,1
提厥,1
進卡,1
第几轮,1
樊总,1
天绵,1
Asw8pEOhttp,1
轉行,1
特笨,1
用直,1
天庭,1
夜景,1
修下,1
金挂,1
莱尼,1
乍整,1
农家乐,1
yongygy,1
比会,1
能防,1
矛抢,1
恐会,1
php%,1
信名,1
人排,1
贴切,1
柞,1
情钻,1
汲取,1
宋东霞,1
创智,1
代面,1
号文,1
RcqOrJy,1
numCnum,1
风大点,1
考考,1
其它窗口,1
時間給,1
苏果,1
店小二,1
豫留,1
k2,1
公平合理,1
jl,1
甘都,1
哥怪,1
发骗,1
定居,1
甘开,1
6.08,1
吉吉,1
微妮粒,1
幾多,1
帮去,1
骆建伟,1
多良担,1
天太黑,1
SCAR,1
那添,1
欠单,1
魏元,1
失信于民,1
觝,1
一少次,1
05.06,1
借规款,1
获侈,1
我削,1
一错,1
人靠,1
提理,1
借欺限,1
巡航导弹,1
所领,1
琼海,1
上关,1
cn2,1
jpjmnum,1
缝缝补补,1
陇西,1
总好,1
进撒,1
OKOK,1
灰愎,1
1E66cKd7yNH,1
忠爱,1
磲,1
求代,1
惊栖,1
好几下,1
錯过,1
两件套,1
北洋,1
神定,1
股务帮,1
行快,1
脆筒,1
毳,1
钱口活,1
卵丘,1
代亲,1
況,1
方总,1
流露出来,1
一广,1
变冷,1
佰仟代款,1
佟,1
哪管,1
厑,1
我乱点,1
什还,1
林生,1
拍案叫绝,1
鱼肚,1
西南角,1
下额,1
少骗,1
迈向,1
Vd,1
捎,1
加宽,1
事往,1
人累,1
俄们,1
如花似玉,1
dune,1
中间商,1
完连本,1
749.85,1
人多大能,1
借宿,1
充条,1
请亲,1
或次,1
冯小,1
证明信,1
年算,1
扩渐,1
未合实,1
根目录,1
返奖,1
分抢,1
标太少,1
设补,1
金热,1
我内,1
及卡掉,1
撤款,1
0.08%,1
带书,1
杳己,1
哭父,1
就会算,1
能派,1
过十来,1
无家可归,1
却步,1
完报,1
约考,1
可降,1
日记账,1
赵子祥,1
gui,1
王秋,1
兔咯,1
方来,1
副食,1
重只,1
贷玩,1
齐聚,1
拉拉扯扯,1
变下,1
俅,1
外发,1
双峰,1
bboy,1
加章,1
照计,1
应看,1
士多店,1
F5A839R,1
善兹,1
赘肉,1
由话,1
没奋侃,1
李倩玉,1
屹立,1
收不钱,1
解信,1
哥木有,1
治道,1
真回,1
挺深,1
一证通,1
测完,1
摸不着,1
能合得,1
hx,1
噉,1
借边,1
沒带款,1
上利,1
以记,1
有足夠,1
苦命,1
恒冠,1
